Date,"Weight (kg)","Fat mass (kg)","Bone mass (kg)","Muscle mass (kg)","Hydration (kg)",Comments
"2023-02-25 07:59:07",118.29,32.35,4.24,81.68,59.71,
"2023-02-24 07:46:52",118.33,32.27,4.25,81.79,59.78,
"2023-02-23 07:37:06",118.50,32.73,4.23,81.52,59.64,
"2023-02-22 07:40:03",119.02,30.75,4.39,83.86,61.05,
"2023-02-21 07:46:38",119.09,30.46,4.42,84.19,61.27,
"2023-02-20 07:51:46",120.19,30.89,4.46,84.82,61.73,
"2023-02-18 07:39:01",120.13,31.44,4.41,84.27,61.38,
"2023-02-16 07:58:36",120.97,30.50,4.53,85.92,62.47,
"2023-02-15 07:52:05",119.31,30.60,4.42,84.27,61.33,
"2023-02-14 09:04:43",120.42,30.57,4.49,85.33,62.07,
"2023-02-13 07:48:17",120.13,29.56,4.55,86.00,62.50,
"2023-02-11 07:58:51",120.49,31.68,4.42,84.38,61.48,
"2023-02-10 07:54:34",120.27,30.82,4.47,84.97,61.83,
"2023-02-09 08:15:23",121.02,31.23,4.48,85.29,62.07,
"2023-02-08 08:56:55",122.02,31.59,4.52,85.90,62.52,
"2023-02-07 07:39:36",121.80,31.79,4.49,85.51,62.26,
"2023-02-06 08:45:33",122.52,33.53,4.41,84.56,61.76,
"2023-02-04 07:44:39",121.20,31.84,4.45,84.90,61.85,
"2023-02-03 08:30:41",121.00,32.53,4.39,84.07,61.34,
"2023-02-02 08:15:22",120.87,31.49,4.45,84.92,61.84,
"2023-02-01 08:44:07",122.28,33.35,4.41,84.51,61.71,
"2023-01-31 09:06:23",122.90,35.05,4.33,83.50,61.23,
"2023-01-30 09:12:28",121.93,36.60,4.18,81.13,59.91,
"2023-01-29 10:00:45",121.90,35.12,4.27,82.49,60.58,
"2023-01-28 08:54:47",121.71,35.81,4.22,81.66,60.13,
"2023-01-27 09:17:52",122.05,34.03,4.35,83.66,61.21,
"2023-01-26 09:00:37",121.77,36.59,4.17,80.99,59.81,
"2023-01-25 08:58:54",121.66,36.62,4.17,80.86,59.73,
"2023-01-24 09:55:20",122.18,36.93,4.18,81.06,59.91,
"2023-01-23 09:38:01",122.03,36.07,4.22,81.72,60.21,
"2023-01-22 09:50:10",122.54,38.45,4.11,79.97,59.47,
"2023-01-21 09:10:28",122.53,37.09,4.19,81.24,60.05,
"2023-01-20 09:05:50",122.71,38.10,4.14,80.46,59.72,
"2023-01-19 09:34:06",122.77,37.17,4.19,81.40,60.16,
"2023-01-18 08:59:32",123.53,37.55,4.21,81.76,60.45,
"2023-01-17 09:12:58",124.24,38.01,4.22,82.00,60.67,
"2023-01-15 10:02:05",124.45,38.43,4.21,81.79,60.61,
"2023-01-14 10:02:18",123.92,37.86,4.21,81.82,60.54,
"2023-01-13 09:25:18",123.37,38.79,4.13,80.44,59.82,
"2023-01-11 09:17:53",124.90,39.71,4.16,81.01,60.34,
"2023-01-10 09:04:38",125.34,40.07,4.16,81.09,60.45,
"2023-01-09 09:03:38",124.71,40.43,4.11,80.15,59.94,
"2022-12-23 07:33:01",126.01,47.25,3.85,74.90,58.28,
"2022-12-22 10:20:59",126.26,46.44,3.89,75.91,58.67,
"2022-12-21 09:00:01",127.06,47.77,3.87,75.40,58.69,
"2022-12-20 09:26:01",127.31,47.07,3.91,76.31,59.05,
"2022-12-19 07:40:37",126.41,50.71,3.73,71.96,57.48,
"2022-12-18 10:59:37",126.10,48.93,3.78,73.38,57.82,
"2022-12-17 09:35:09",125.76,48.96,3.77,73.01,57.62,
"2022-12-16 08:46:35",126.61,48.93,3.80,73.87,58.10,
"2022-12-15 10:05:59",126.54,46.58,3.90,76.04,58.78,
"2022-12-14 09:01:56",127.24,47.28,3.90,76.05,58.95,
"2022-12-13 09:16:03",128.12,48.57,3.88,75.66,59.03,
"2022-12-12 09:08:18",127.82,48.27,3.88,75.66,58.96,
"2022-12-11 10:42:22",126.96,46.19,3.93,76.82,59.14,
"2022-12-10 08:51:35",127.35,48.87,3.83,74.62,58.51,
"2022-12-09 09:00:40",127.06,49.25,3.81,73.98,58.24,
"2022-12-08 09:24:12",127.68,47.85,3.89,75.92,59.01,
"2022-12-07 09:22:32",128.15,48.19,3.90,76.06,59.17,
"2022-12-06 08:42:58",128.27,48.03,3.91,76.32,59.28,
"2022-12-05 09:15:52",128.29,48.33,3.90,76.06,59.20,
"2022-12-04 10:42:54",128.43,49.83,3.84,74.74,58.82,
"2022-12-03 09:27:52",128.64,48.52,3.90,76.20,59.33,
"2022-12-02 10:48:07",127.58,48.42,3.86,75.29,58.79,
"2022-12-01 10:08:43",128.53,49.80,3.84,74.87,58.89,
"2022-11-30 09:10:17",128.02,48.86,3.86,75.28,58.89,
"2022-11-29 09:49:21",129.12,49.84,3.87,75.39,59.19,
"2022-11-28 09:17:39",129.75,50.07,3.88,75.79,59.47,
"2022-11-27 09:11:49",129.28,51.14,3.82,74.31,58.90,
"2022-11-26 09:17:03",130.49,51.69,3.85,74.94,59.39,
"2022-11-25 09:09:24",130.56,52.05,3.83,74.66,59.33,
"2022-11-24 10:11:53",130.82,50.14,3.92,76.73,60.02,
"2022-11-23 09:56:45",130.80,48.96,3.98,77.85,60.38,
"2022-11-22 08:55:14",131.18,50.51,3.92,76.73,60.11,
"2022-11-21 10:01:18",130.54,52.03,3.83,74.66,59.32,
"2022-11-20 09:20:51",131.40,52.79,3.84,74.75,59.57,
"2022-11-19 08:59:44",130.26,49.01,3.95,77.29,60.07,
"2022-11-18 09:05:20",131.09,51.44,3.88,75.75,59.79,
"2022-11-17 09:12:38",130.69,52.48,3.82,74.37,59.28,
"2022-11-16 09:02:55",131.32,51.54,3.89,75.88,59.88,
"2022-11-15 08:37:32",131.75,49.91,3.97,77.85,60.61,
"2022-11-14 08:58:24",131.56,50.75,3.93,76.87,60.24,
"2022-11-13 08:38:07",131.44,54.60,3.77,73.05,59.10,
"2022-11-12 08:48:50",131.59,53.00,3.84,74.74,59.61,
"2022-11-11 08:55:00",130.90,51.10,3.89,75.90,59.78,
"2022-11-10 08:52:37",131.38,53.21,3.82,74.33,59.44,
"2022-11-09 08:35:56",131.35,53.33,3.81,74.19,59.39,
"2022-11-08 08:35:49",131.73,52.85,3.85,75.02,59.73,
"2022-11-07 08:27:34",131.94,54.71,3.78,73.43,59.33,
"2022-11-06 09:28:23",131.24,53.36,3.81,74.06,59.33,
"2022-11-04 07:43:43",131.87,56.56,3.71,71.58,58.82,
"2022-11-03 07:39:56",131.92,55.58,3.75,72.58,59.10,
"2022-11-02 08:11:33",132.24,56.08,3.74,72.40,59.13,
"2022-11-01 07:53:32",133.87,53.28,3.92,76.66,60.75,
"2022-10-31 08:48:43",134.09,54.59,3.87,75.61,60.50,
"2022-10-30 07:54:03",132.72,51.79,3.93,76.99,60.56,
"2022-10-29 08:50:59",132.64,58.92,3.66,70.05,58.65,
"2022-10-28 08:42:27",133.04,58.94,3.67,70.42,58.85,
"2022-10-27 09:08:22",132.28,56.40,3.73,72.13,59.08,
"2022-10-26 08:43:37",133.72,59.57,3.67,70.46,59.05,
"2022-10-25 07:38:00",134.55,59.92,3.69,70.93,59.39,
"2022-10-24 09:19:18",133.97,55.68,3.82,74.45,60.14,
"2022-10-22 08:55:17",133.57,55.10,3.83,74.63,60.09,
"2022-10-21 08:38:56",134.43,55.72,3.84,74.86,60.38,
"2022-10-20 09:05:30",133.41,56.31,3.78,73.31,59.69,
"2022-10-19 08:27:16",133.64,57.63,3.74,72.25,59.47,
"2022-10-18 08:49:32",134.94,60.85,3.67,70.41,59.37,
"2022-10-17 08:43:20",134.00,60.51,3.65,69.82,58.97,
"2022-10-16 09:04:07",134.30,58.70,3.72,71.87,59.56,
"2022-10-15 08:59:07",134.98,60.73,3.67,70.56,59.42,
"2022-10-14 08:40:52",134.54,62.88,3.59,68.06,58.72,
"2022-10-13 09:48:36",134.54,61.46,3.63,69.42,59.03,
"2022-10-12 09:00:38",135.47,64.18,3.57,67.71,58.91,
"2022-10-11 09:03:15",134.87,65.32,3.52,66.01,58.37,
"2022-10-09 08:42:00",135.19,57.02,3.82,74.34,60.43,
"2022-10-08 09:03:14",136.20,58.95,3.78,73.46,60.47,
"2022-10-06 09:02:49",136.56,60.32,3.74,72.48,60.32,
"2022-10-05 08:48:07",136.33,57.31,3.85,75.16,60.95,
"2022-10-04 08:34:16",136.61,57.78,3.84,74.97,60.98,
"2022-09-30 08:48:00",137.00,65.58,3.58,67.82,59.37,"started 18mg methylphenidate "
"2022-09-27 08:44:45",137.37,62.09,3.71,71.56,60.32,
"2022-09-24 09:19:32",138.23,60.75,3.79,73.68,61.07,
"2022-09-16 10:15:55",136.76,61.84,3.70,71.21,60.07,
"2022-09-08 09:28:55",139.54,62.05,3.78,73.69,61.43,
"2022-08-15 08:47:42",140.33,60.15,3.89,76.27,62.31,
"2022-07-23 09:13:03",137.80,59.06,3.84,74.89,61.28,
"2022-06-29 08:39:58",138.18,59.97,3.81,74.39,61.26,
"2022-06-27 09:47:35",137.80,57.70,3.89,76.19,61.63,
"2022-06-21 09:55:57",137.40,59.26,3.81,74.32,61.03,
"2022-06-18 09:52:20",137.62,60.17,3.79,73.65,60.92,
"2022-06-17 09:33:03",137.25,60.24,3.77,73.22,60.71,
"2022-06-15 09:09:35",138.79,61.66,3.77,73.34,61.16,
"2022-06-13 09:36:56",138.62,59.79,3.84,74.98,61.53,
"2022-06-12 09:42:53",138.79,62.00,3.76,73.01,61.08,
"2022-06-10 09:19:38",138.21,62.18,3.73,72.29,60.74,
"2022-06-09 09:07:57",137.50,58.71,3.84,74.94,61.22,
"2022-06-08 08:33:16",137.75,60.15,3.79,73.80,60.99,
"2022-06-07 09:23:38",138.19,61.65,3.75,72.77,60.85,
"2022-06-06 09:27:50",139.57,60.48,3.85,75.22,61.85,
"2022-06-04 08:53:35",137.34,56.70,3.91,76.72,61.67,
"2022-06-03 09:17:03",136.93,58.71,3.82,74.39,60.93,
"2022-06-02 09:40:46",137.16,62.09,3.70,71.35,60.24,
"2022-06-01 08:54:27",138.26,59.36,3.84,75.04,61.45,
"2022-05-31 08:53:54",139.57,58.94,3.91,76.71,62.24,
"2022-05-30 08:31:15",139.43,64.10,3.71,71.61,60.93,
"2022-05-23 08:03:56",140.02,59.95,3.88,76.17,62.21,
"2022-05-20 08:58:37",139.17,60.55,3.83,74.78,61.63,
"2022-05-05 09:27:36",140.15,60.79,3.86,75.49,62.07,
"2022-04-14 09:40:34",138.13,58.36,3.88,75.88,61.64,
"2022-03-31 07:54:15",135.89,60.91,3.70,71.27,59.87,
"2022-03-17 08:53:01",135.67,59.20,3.75,72.70,60.17,
"2022-03-04 10:22:28",134.20,58.16,3.74,72.29,59.67,
"2022-02-04 09:43:48",132.57,55.25,3.79,73.52,59.56,
"2022-01-08 08:40:34",133.92,56.26,3.80,73.85,60.01,
"2022-01-06 08:28:19",133.60,56.22,3.79,73.58,59.86,
"2021-12-02 07:34:44",131.49,54.78,3.76,72.93,59.13,
"2021-11-22 09:01:55",131.36,54.34,3.78,73.23,59.18,
"2021-11-10 07:36:53",131.29,55.88,3.72,71.68,58.74,
"2021-11-03 09:15:02",130.83,54.49,3.75,72.57,58.86,
"2021-10-30 08:24:23",130.36,53.66,3.76,72.91,58.83,
"2021-10-29 09:36:16",129.23,51.32,3.81,74.09,58.88,
"2021-10-28 08:42:45",129.34,54.11,3.71,71.50,58.18,
"2021-10-23 07:44:23",130.55,55.32,3.71,71.50,58.50,
"2021-10-22 08:55:53",130.10,52.52,3.80,73.76,59.01,
"2021-10-21 08:20:57",129.87,56.99,3.63,69.24,57.75,
"2021-10-20 09:20:37",130.24,56.13,3.67,70.43,58.14,
"2021-10-18 08:05:58",132.91,55.57,3.79,73.54,59.67,
"2021-10-14 08:25:56",130.49,56.26,3.67,70.54,58.24,
"2021-10-13 09:06:46",129.72,54.54,3.71,71.46,58.27,
"2021-10-12 09:30:46",130.69,55.91,3.69,71.07,58.43,
"2021-10-07 09:39:08",131.68,55.12,3.76,72.79,59.15,
"2021-10-06 09:25:27",131.83,55.14,3.76,72.92,59.22,
"2021-09-17 08:41:40",136.28,54.63,3.96,77.68,61.71,
"2021-09-15 09:39:42",134.98,54.23,3.92,76.82,61.13,
"2021-09-14 08:06:35",135.12,56.27,3.84,74.99,60.65,
"2021-09-13 08:44:48",136.86,59.32,3.79,73.73,60.78,
"2021-09-11 08:02:50",135.74,57.91,3.80,74.02,60.55,
"2021-09-10 08:49:10",135.23,56.70,3.83,74.68,60.59,
"2021-09-09 08:15:40",134.75,59.47,3.71,71.55,59.66,
"2021-09-07 08:01:24",137.28,61.60,3.72,71.94,60.45,
"2021-09-06 09:04:37",137.19,55.91,3.94,77.32,61.83,
"2021-09-05 08:31:39",137.46,59.84,3.79,73.82,60.96,
"2021-09-04 08:41:14",138.38,58.02,3.90,76.44,61.89,
"2021-09-03 08:54:06",137.23,56.95,3.90,76.37,61.58,
"2021-08-31 08:00:08",137.73,58.65,3.85,75.22,61.39,
"2021-08-30 09:25:14",139.54,59.29,3.89,76.34,62.17,
"2021-08-29 09:06:25",139.06,54.68,4.07,80.29,63.17,
"2021-08-28 08:10:42",140.66,,,,,
"2021-08-27 07:54:16",137.09,59.74,3.78,73.55,60.79,
"2021-08-26 10:19:33",136.64,56.15,3.91,76.57,61.48,
"2021-08-25 09:08:06",137.92,57.53,3.90,76.48,61.78,
"2021-08-24 09:04:09",139.43,57.28,3.97,78.16,62.64,
"2021-08-23 09:27:54",140.42,58.69,3.95,77.76,62.78,
"2021-08-21 09:18:20",139.09,56.25,4.00,78.83,62.74,
"2021-08-20 09:25:29",138.80,57.46,3.94,77.38,62.26,
"2021-08-19 09:27:43",139.27,57.27,3.97,78.02,62.56,
"2021-08-18 09:24:37",138.87,57.18,3.95,77.72,62.38,
"2021-08-17 09:15:21",139.10,57.25,3.96,77.87,62.48,
"2021-08-16 09:54:36",138.99,57.48,3.95,77.55,62.36,
"2021-08-15 09:23:01",138.85,56.66,3.97,78.21,62.51,
"2021-08-14 09:19:11",139.34,58.88,3.90,76.54,62.17,
"2021-08-13 09:58:55",139.93,58.49,3.94,77.48,62.58,
"2021-08-07 08:56:07",142.28,58.90,4.02,79.36,63.70,
"2021-08-03 08:43:37",140.84,62.11,3.83,74.88,62.14,
"2021-07-29 08:35:38",140.12,62.34,3.80,73.97,61.72,
"2021-07-28 08:25:58",140.01,60.13,3.88,75.98,62.20,
"2021-07-27 08:53:56",140.39,60.90,3.86,75.61,62.20,
"2021-07-23 09:13:13",140.68,57.03,4.03,79.61,63.37,
"2021-07-22 10:05:04",142.36,56.63,4.12,81.59,64.37,
"2021-07-15 09:43:22",140.87,60.56,3.89,76.40,62.54,
"2021-07-10 08:38:14",139.97,59.73,3.89,76.34,62.29,
"2021-07-07 07:20:03",139.59,58.62,3.92,77.03,62.38,
"2021-07-01 08:58:00",140.98,58.20,3.99,78.77,63.21,
"2021-06-28 08:43:40",140.95,62.22,3.83,74.89,62.18,
"2021-06-23 10:09:06",141.00,62.27,3.83,74.88,62.19,
"2021-06-16 09:06:22",142.03,56.45,4.12,81.45,64.25,
"2021-06-10 09:33:50",140.57,59.87,3.91,76.78,62.56,
"2021-06-09 07:27:12",140.71,61.94,3.83,74.92,62.12,
"2021-06-07 09:09:00",141.87,54.50,4.20,83.15,64.74,
"2021-06-03 09:41:01",142.53,52.78,4.32,85.41,65.64,
"2021-05-28 08:18:47",142.02,57.14,4.08,80.78,64.05,
"2021-05-24 08:18:21",141.22,59.68,3.94,77.59,62.95,
"2021-05-19 09:33:58",140.11,56.91,4.01,79.17,63.11,
"2021-05-18 09:12:40",140.04,57.54,3.98,78.51,62.90,
"2021-05-14 09:21:31",140.04,57.19,4.00,78.84,63.00,
"2021-05-11 09:50:09",141.87,53.58,4.25,84.02,65.02,
"2021-05-05 10:01:44",140.38,,,,,
"2021-05-01 09:29:51",139.83,,,,,
"2021-04-30 09:37:00",140.07,52.70,4.21,83.15,64.33,
"2021-04-29 09:05:59",140.79,52.17,4.27,84.34,64.89,
"2021-04-28 08:57:17",141.67,,,,,
"2021-04-26 09:18:37",140.58,54.24,4.16,82.17,64.13,
"2021-04-25 09:31:23",140.57,55.11,4.11,81.33,63.87,
"2021-04-23 09:09:37",139.31,57.42,3.96,77.91,62.56,
"2021-04-21 07:58:24",139.82,52.28,4.22,83.31,64.33,
"2021-04-20 08:02:50",141.50,51.97,4.31,85.21,65.34,
"2021-04-17 07:53:28",138.65,54.02,4.08,80.53,63.16,
"2021-04-16 08:24:31",139.02,55.59,4.03,79.39,62.91,
"2021-04-15 08:42:03",139.16,57.26,3.96,77.92,62.52,
"2021-04-13 07:24:39",141.07,52.62,4.26,84.18,64.90,
"2021-04-08 07:33:02",141.56,52.56,4.28,84.71,65.19,
"2021-04-03 07:45:00",139.60,,,,,
"2021-04-02 07:45:28",138.18,50.37,4.24,83.56,64.05,
"2021-04-01 08:17:43",138.19,50.04,4.26,83.87,64.16,
"2021-03-30 08:49:31",140.49,51.71,4.28,84.49,64.88,
"2021-03-29 07:17:19",139.04,,,,,
"2021-03-29 07:14:51",139.62,,,,,
"2020-12-17 08:35:03",128.20,48.17,3.90,76.12,59.29,
"2020-12-14 10:12:12",128.64,49.31,3.87,75.45,59.18,
"2020-12-11 09:06:30",127.16,46.59,3.92,76.63,59.21,
"2020-12-01 09:39:20",128.03,,,,,
"2020-11-28 08:53:42",126.76,50.59,3.75,72.40,57.81,
"2020-11-27 23:48:50",128.00,54.68,3.64,69.67,57.39,
"2020-11-26 07:54:56",127.47,48.51,3.86,75.09,58.79,
"2020-11-23 10:42:56",128.62,45.10,4.06,79.45,60.53,
"2020-11-20 09:00:10",127.91,48.54,3.87,75.48,59.02,
"2020-11-14 08:34:25",127.43,46.70,3.93,76.78,59.33,
"2020-11-07 09:18:54",125.71,48.04,3.80,73.85,57.98,
"2020-11-05 09:57:41",125.96,48.82,3.78,73.34,57.88,
"2020-10-24 08:12:26",125.13,49.11,3.74,72.27,57.36,
"2020-10-22 09:42:04",125.26,47.69,3.80,73.76,57.84,
"2020-10-10 10:06:33",123.68,45.58,3.82,74.27,57.62,
"2020-10-09 09:40:52",123.59,45.98,3.80,73.79,57.44,
"2020-10-01 09:37:49",122.88,45.40,3.80,73.67,57.24,
"2020-09-26 09:01:25",122.75,48.34,3.68,70.72,56.29,
"2020-09-23 09:11:54",122.57,43.11,3.88,75.56,57.82,
"2020-09-19 10:01:52",120.99,44.68,3.75,72.54,56.42,
"2020-09-14 08:41:57",121.50,43.88,3.80,73.80,56.96,
"2020-09-09 09:18:37",121.20,43.70,3.80,73.68,56.85,
"2020-09-03 08:45:09",120.03,43.48,3.76,72.77,56.27,
"2020-08-26 07:51:00",118.71,41.50,3.78,73.41,56.18,
"2020-08-21 07:47:07",118.33,42.36,3.73,72.22,55.68,
"2020-08-19 06:46:10",118.73,42.76,3.73,72.22,55.77,
"2020-08-11 19:12:09",119.66,42.99,3.76,72.90,56.23,
"2020-08-07 07:42:25",117.28,41.20,3.74,72.32,55.48,
"2020-08-05 07:47:16",116.69,43.09,3.64,69.94,54.54,
"2020-08-01 08:37:45",117.34,43.44,3.65,70.23,54.79,
"2020-07-30 07:41:54",115.94,42.96,3.62,69.35,54.16,
"2020-07-25 07:55:48",116.40,40.29,3.74,72.36,55.27,
"2020-07-22 07:47:44",116.25,42.57,3.64,70.02,54.43,
"2020-07-18 09:25:27",117.67,41.63,3.74,72.28,55.53,
"2020-06-30 07:58:50",114.40,39.07,3.71,71.61,54.55,
"2020-06-23 06:17:35",113.34,40.81,3.60,68.92,53.37,
"2020-05-30 08:14:46",112.55,38.65,3.65,70.24,53.64,
"2020-05-29 15:29:42",113.58,40.25,3.63,69.69,53.69,
"2020-05-19 13:23:55",112.83,37.94,3.69,71.18,54.05,
"2020-05-08 10:02:19",111.10,38.64,3.59,68.86,52.81,
"2020-05-02 08:18:46",109.40,37.14,3.58,68.66,52.35,
"2020-04-12 13:27:07",108.16,,,,,
"2020-03-13 07:49:31",107.04,,,,,
"2020-03-05 07:50:59",105.66,32.56,3.60,69.48,51.86,
"2020-02-20 07:40:18",104.95,32.32,3.58,69.03,51.54,
"2020-02-18 07:36:27",105.26,32.28,3.60,69.36,51.74,
"2020-02-10 07:42:06",104.55,32.88,3.54,68.11,51.08,
"2020-02-03 07:41:28",105.32,32.24,3.60,69.46,51.79,
"2020-01-29 07:35:45",104.82,31.55,3.61,69.64,51.77,
"2020-01-24 07:45:31",103.82,30.59,3.61,69.61,51.57,
"2020-01-22 07:38:30",103.25,32.82,3.49,66.93,50.33,
"2020-01-21 07:37:19",102.95,31.41,3.54,67.99,50.70,
"2020-01-20 07:41:28",103.00,31.90,3.52,67.56,50.53,
"2020-01-16 07:37:06",102.07,30.61,3.53,67.92,50.49,
"2020-01-15 07:39:11",102.38,30.07,3.57,68.72,50.90,
"2020-01-14 07:36:07",103.01,30.86,3.56,68.58,50.96,
"2020-01-13 07:41:02",103.27,31.70,3.54,68.02,50.77,
"2020-01-11 07:43:53",102.80,30.88,3.55,68.35,50.83,
"2020-01-10 07:08:32",103.00,30.99,3.56,68.44,50.90,
"2020-01-09 07:35:07",103.06,30.13,3.59,69.31,51.30,
"2020-01-08 07:36:47",103.52,29.93,3.62,69.95,51.68,
"2020-01-07 07:38:26",104.67,30.46,3.65,70.54,52.15,
"2020-01-06 07:37:16",104.65,30.68,3.64,70.31,52.04,
"2019-12-30 09:09:47",103.55,,,,,
"2019-12-18 07:43:44",101.81,28.47,3.61,69.71,51.27,
"2019-12-11 08:52:43",100.01,,,,,
"2019-12-09 07:48:21",101.44,31.90,3.46,66.07,49.60,
"2019-12-05 07:43:13",100.01,29.57,3.49,66.94,49.67,
"2019-12-04 07:47:50",100.77,29.98,3.50,67.27,49.96,
"2019-12-03 07:42:12",100.91,28.83,3.55,68.51,50.54,
"2019-12-02 07:47:51",100.37,28.43,3.55,68.37,50.38,
"2019-11-30 07:44:14",100.71,29.99,3.50,67.20,49.92,
"2019-11-29 07:45:18",102.46,30.63,3.55,68.26,50.72,
"2019-11-28 07:36:18",100.95,29.08,3.55,68.31,50.46,
"2019-11-27 07:45:58",101.75,29.79,3.55,68.40,50.65,
"2019-11-26 07:44:51",102.33,30.45,3.55,68.32,50.72,
"2019-11-25 07:47:42",101.73,30.56,3.52,67.63,50.31,
"2019-11-23 09:17:16",100.83,29.26,3.53,68.03,50.31,
"2019-11-20 07:44:20",102.22,29.69,3.58,68.94,50.98,
"2019-11-19 07:41:51",103.25,29.53,3.63,70.07,51.69,
"2019-11-18 07:42:00",103.95,28.98,3.69,71.27,52.39,
"2019-11-15 07:42:30",102.49,,,,,
"2019-11-14 07:44:55",101.45,30.45,3.51,67.47,50.18,
"2019-11-13 07:42:41",101.58,31.07,3.49,67.00,50.01,
"2019-11-12 07:42:36",101.52,31.74,3.47,66.30,49.71,
"2019-11-10 09:09:24",102.10,29.95,3.56,68.58,50.79,
"2019-11-09 07:42:38",102.00,29.49,3.57,68.92,50.93,
"2019-11-08 07:43:05",101.79,,,,,
"2019-11-07 07:41:07",100.91,30.32,3.49,67.08,49.91,
"2019-11-06 07:42:59",101.52,30.30,3.52,67.68,50.29,
"2019-11-02 09:11:26",102.44,29.43,3.60,69.39,51.23,
"2019-11-01 07:41:14",102.49,29.77,3.58,69.12,51.11,
"2019-10-31 07:33:17",101.90,31.07,3.51,67.31,50.21,
"2019-10-30 07:42:03",101.93,31.31,3.50,67.10,50.13,
"2019-10-29 07:36:03",102.84,30.29,3.58,68.96,51.11,
"2019-10-28 07:41:57",103.18,30.89,3.57,68.70,51.06,
"2019-10-26 09:04:47",102.49,28.80,3.63,70.05,51.55,
"2019-10-25 07:39:09",102.00,30.06,3.55,68.37,50.69,
"2019-10-24 07:34:01",102.75,29.99,3.59,69.16,51.18,
"2019-10-23 07:38:20",102.82,30.20,3.58,69.02,51.13,
"2019-10-22 07:38:01",103.18,30.22,3.59,69.35,51.35,
"2019-10-21 07:40:22",103.17,31.94,3.52,67.69,50.63,
"2019-10-20 10:04:04",103.16,31.63,3.54,67.98,50.75,
"2019-10-19 07:35:37",103.01,30.37,3.58,69.05,51.18,
"2019-10-18 07:35:27",103.66,30.33,3.61,69.70,51.59,
"2019-10-17 07:39:15",103.36,29.32,3.64,70.39,51.86,
"2019-10-16 07:38:07",103.91,29.70,3.65,70.54,52.03,
"2019-10-15 07:35:50",104.39,30.35,3.64,70.38,52.04,
"2019-10-14 07:39:26",104.24,32.01,3.57,68.65,51.25,
"2019-10-12 09:09:02",104.16,31.63,3.58,68.94,51.36,
"2019-10-11 07:42:08",104.23,32.78,3.54,67.90,50.94,
"2019-10-10 07:42:02",104.64,33.24,3.53,67.85,51.01,
"2019-10-09 07:45:18",104.85,32.49,3.57,68.77,51.42,
"2019-10-08 09:57:00",105.20,,,,,
"2019-09-07 07:43:02",103.29,32.42,3.51,67.34,50.52,
"2019-09-06 07:42:56",103.50,32.54,3.51,67.43,50.60,
"2019-09-05 07:41:32",102.82,30.86,3.55,68.39,50.86,
"2019-09-04 07:56:31",103.21,31.51,3.54,68.14,50.83,
"2019-06-18 07:35:35",100.50,27.73,3.58,69.17,50.81,
"2019-06-17 07:08:12",100.99,,,,,
"2019-06-14 07:52:55",99.99,28.20,3.54,68.24,50.27,
"2019-06-10 07:53:39",98.77,27.21,3.53,68.01,49.95,
"2019-06-08 07:52:23",98.53,27.01,3.53,67.98,49.89,
"2019-06-07 07:49:14",98.61,27.34,3.52,67.74,49.79,
"2019-06-06 07:37:59",98.93,26.34,3.58,69.00,50.48,
"2019-06-04 07:36:43",98.60,27.59,3.51,67.49,49.68,
"2019-06-03 07:41:37",99.41,28.29,3.51,67.59,49.87,
"2019-05-30 07:49:50",98.86,29.01,3.46,66.38,49.22,
"2019-05-29 07:56:33",99.59,28.65,3.51,67.42,49.82,
"2019-05-28 07:30:13",100.64,26.85,3.63,70.14,51.33,
"2019-05-24 07:51:41",98.36,27.05,3.52,67.78,49.77,
"2019-05-23 07:39:15",98.63,26.62,3.55,68.45,50.15,
"2019-05-22 07:48:06",98.47,26.68,3.54,68.23,50.01,
"2019-05-21 07:38:08",99.26,26.21,3.60,69.44,50.76,
"2019-05-20 07:34:35",99.64,27.74,3.55,68.34,50.26,
"2019-05-18 07:53:45",98.37,26.87,3.53,67.97,49.87,
"2019-05-17 07:48:49",98.57,27.76,3.50,67.30,49.58,
"2019-05-16 07:35:40",97.96,26.90,3.51,67.53,49.58,
"2019-05-15 07:40:46",98.74,26.91,3.54,68.27,50.08,
"2019-05-14 07:35:56",99.10,27.41,3.54,68.13,50.07,
"2019-05-13 07:32:02",100.47,30.13,3.48,66.84,49.74,
"2019-05-10 07:46:55",98.57,27.16,3.52,67.87,49.85,
"2019-05-07 07:35:21",100.00,27.57,3.57,68.85,50.57,
"2019-05-06 09:12:28",99.80,28.08,3.54,68.16,50.20,
"2019-05-02 07:31:01",97.48,27.45,3.46,66.55,49.03,
"2019-05-01 07:29:23",98.84,29.91,3.43,65.49,48.84,
"2019-04-30 07:29:49",98.29,27.96,3.48,66.84,49.32,
"2019-04-29 07:49:13",99.24,29.55,3.46,66.23,49.23,
"2019-04-28 08:39:02",99.10,26.73,3.57,68.79,50.40,
"2019-04-26 07:46:43",98.54,26.53,3.55,68.44,50.14,
"2019-04-25 07:30:39",97.82,26.39,3.52,67.90,49.75,
"2019-04-24 07:16:20",99.51,25.72,3.63,70.15,51.18,
"2019-04-23 07:47:47",101.07,,,,,
"2019-04-23 07:47:23",101.23,,,,,
"2019-04-16 08:28:13",96.20,25.40,3.49,67.28,49.18,
"2019-04-11 07:46:42",95.86,25.48,3.47,66.88,48.91,
"2019-04-10 07:45:04",95.33,24.63,3.49,67.20,49.00,
"2019-04-09 07:15:19",96.78,25.08,3.53,68.15,49.72,
"2019-04-06 07:53:43",96.53,24.38,3.55,68.58,49.92,
"2019-04-05 07:47:23",95.77,24.26,3.52,67.97,49.48,
"2019-04-03 07:34:03",95.95,25.08,3.50,67.36,49.18,
"2019-04-02 07:11:16",96.40,24.90,3.53,67.97,49.57,
"2019-04-01 07:50:19",97.42,24.97,3.57,68.87,50.20,
"2019-03-28 07:48:11",95.23,25.08,3.46,66.67,48.71,
"2019-03-27 07:45:42",95.25,24.68,3.48,67.07,48.92,
"2019-03-26 07:32:08",96.03,24.23,3.54,68.25,49.67,
"2019-03-22 07:07:58",94.59,24.71,3.45,66.41,48.48,
"2019-03-21 07:51:35",94.68,25.02,3.44,66.20,48.38,
"2019-03-20 07:45:56",95.18,25.44,3.45,66.28,48.50,
"2019-03-19 07:35:23",95.74,24.65,3.51,67.57,49.26,
"2019-03-15 07:45:35",94.81,24.37,3.48,66.95,48.80,
"2019-03-13 07:48:16",95.09,26.31,3.41,65.35,48.04,
"2019-03-12 07:47:29",96.29,25.90,3.48,66.90,49.00,
"2019-03-08 07:30:32",96.93,23.88,3.60,69.44,50.47,
"2019-03-07 07:46:50",95.66,25.67,3.46,66.52,48.70,
"2019-02-28 07:52:05",95.51,23.32,3.56,68.61,49.82,
"2019-02-27 07:47:28",95.85,23.29,3.58,68.97,50.07,
"2019-02-26 07:45:33",96.97,23.78,3.60,69.57,50.55,
"2019-02-21 07:45:24",94.90,24.38,3.48,67.02,48.85,
"2019-02-20 07:47:21",95.58,24.16,3.52,67.88,49.41,
"2019-02-19 07:24:47",96.33,25.32,3.50,67.49,49.31,
"2019-02-16 07:53:32",96.34,24.88,3.52,67.92,49.54,
"2019-02-14 07:45:12",95.88,25.72,3.47,66.67,48.82,
"2019-02-13 07:46:50",95.93,24.73,3.51,67.67,49.35,
"2019-02-12 07:41:08",96.96,24.89,3.55,68.50,49.94,
"2019-02-11 07:50:12",97.82,25.01,3.59,69.21,50.45,
"2019-02-07 07:46:16",96.12,24.28,3.54,68.29,49.71,
"2019-02-06 07:46:50",96.38,25.29,3.51,67.57,49.36,
"2019-02-05 07:46:07",96.34,24.70,3.53,68.09,49.63,
"2019-02-04 07:48:53",96.78,25.81,3.50,67.46,49.36,
"2019-02-03 10:12:27",96.18,25.67,3.48,67.01,49.04,
"2019-02-01 07:46:53",96.63,25.12,3.53,67.97,49.61,
"2019-01-31 07:45:07",96.04,25.92,3.46,66.64,48.83,
"2019-01-30 07:47:21",96.07,26.38,3.45,66.23,48.64,
"2019-01-29 07:46:11",97.16,26.00,3.51,67.64,49.52,
"2019-01-28 07:49:52",98.20,26.68,3.53,67.98,49.86,
"2019-01-25 07:47:13",96.95,24.88,3.55,68.50,49.94,
"2019-01-24 07:45:54",97.32,25.43,3.54,68.33,49.90,
"2019-01-23 07:47:54",97.07,26.23,3.50,67.32,49.34,
"2019-01-22 07:46:27",97.73,26.10,3.53,68.09,49.84,
"2019-01-21 07:48:34",97.44,26.36,3.51,67.56,49.52,
"2019-01-20 09:45:47",97.09,25.94,3.51,67.63,49.50,
"2019-01-18 07:48:41",97.89,24.68,3.60,69.60,50.67,
"2019-01-17 07:52:20",97.09,26.00,3.51,67.57,49.47,
"2019-01-16 07:47:30",96.64,26.19,3.48,66.96,49.09,
"2019-01-15 07:45:36",97.84,26.18,3.53,68.11,49.86,
"2019-01-14 07:50:04",97.99,26.50,3.53,67.95,49.80,
"2019-01-13 10:29:41",97.62,26.32,3.52,67.77,49.65,
"2019-01-12 08:12:55",98.10,26.06,3.55,68.47,50.09,
"2019-01-11 07:47:29",97.97,26.08,3.54,68.33,50.00,
"2019-01-10 07:45:28",98.20,26.99,3.51,67.68,49.71,
"2019-01-09 07:48:16",98.68,26.75,3.55,68.38,50.14,
"2019-01-08 07:45:34",100.56,26.60,3.64,70.31,51.42,
"2019-01-07 07:47:38",100.88,28.13,3.58,69.16,50.88,
"2018-12-19 09:58:11",96.77,25.03,3.54,68.18,49.75,
"2018-12-13 07:45:27",95.35,24.72,3.48,67.12,48.97,
"2018-12-10 00:00:00",97.94,25.34,,,,
"2018-12-09 00:00:00",97.94,25.34,,,,
"2018-12-08 00:00:00",97.94,25.34,,,,
"2018-12-07 00:00:00",97.94,25.34,,,,
"2018-12-06 00:00:00",97.94,,,,,
"2018-12-05 00:00:00",97.94,25.34,,,,
"2018-12-04 00:00:00",97.94,25.34,,,,
"2018-12-03 00:00:00",97.94,25.34,,,,
"2018-12-02 00:00:00",97.94,25.34,,,,
"2018-12-01 00:00:00",97.94,25.34,,,,
"2018-11-30 00:00:00",97.94,25.34,,,,
"2018-11-29 07:48:16",95.29,24.25,3.50,67.52,49.18,
"2018-11-29 00:00:00",97.94,25.34,,,,
"2018-11-28 07:46:36",95.95,24.60,3.52,67.81,49.43,
"2018-11-28 00:00:00",97.94,25.34,,,,
"2018-11-27 00:00:00",97.94,25.34,,,,
"2018-11-26 07:27:52",97.94,25.34,3.58,69.01,50.36,
"2018-11-26 00:00:00",97.94,25.34,,,,
"2018-11-25 00:00:00",97.71,24.98,,,,
"2018-11-24 00:00:00",97.49,24.63,,,,
"2018-11-23 00:00:00",97.26,24.27,,,,
"2018-11-22 07:29:10",97.04,23.92,3.60,69.50,50.52,
"2018-11-22 00:00:00",97.04,,,,,
"2018-11-21 07:29:48",97.92,22.41,3.73,71.77,52.02,
"2018-11-21 00:00:00",97.92,22.40,,,,
"2018-11-20 07:27:25",97.58,23.00,3.68,70.89,51.42,
"2018-11-20 00:00:00",97.58,22.99,,,,
"2018-11-19 07:28:55",96.48,22.87,3.63,69.97,50.75,
"2018-11-19 00:00:00",96.48,22.87,,,,
"2018-11-18 00:00:00",96.46,23.30,,,,
"2018-11-17 00:00:00",96.44,23.74,,,,
"2018-11-16 07:48:24",96.42,24.18,3.56,68.66,49.97,
"2018-11-16 00:00:00",96.42,24.17,,,,
"2018-11-15 07:29:08",94.20,24.06,3.46,66.66,48.56,
"2018-11-15 00:00:00",94.20,24.06,,,,
"2018-11-14 07:27:49",95.13,24.00,3.51,67.61,49.21,
"2018-11-14 00:00:00",95.13,23.99,,,,
"2018-11-13 07:28:54",95.13,24.18,3.50,67.44,49.11,
"2018-11-13 00:00:00",95.13,24.17,,,,
"2018-11-12 07:26:36",95.86,25.56,3.47,66.81,48.90,
"2018-11-12 00:00:00",95.86,25.56,,,,
"2018-11-11 09:29:47",95.21,24.83,3.47,66.88,48.83,
"2018-11-11 00:00:00",95.21,24.82,,,,
"2018-11-10 00:00:00",95.77,24.65,,,,
"2018-11-09 07:26:24",96.32,24.48,3.54,68.29,49.75,
"2018-11-09 00:00:00",96.32,24.48,,,,
"2018-11-08 07:28:15",95.69,24.15,3.53,68.00,49.50,
"2018-11-08 00:00:00",95.69,24.14,,,,
"2018-11-07 07:26:58",95.83,24.08,3.54,68.20,49.63,
"2018-11-07 00:00:00",95.83,24.07,,,,
"2018-11-06 07:29:00",96.80,24.55,3.56,68.68,50.02,
"2018-11-06 00:00:00",96.80,24.55,,,,
"2018-11-05 07:27:34",96.23,25.14,3.51,67.57,49.34,
"2018-11-05 00:00:00",96.23,25.13,,,,
"2018-11-04 09:43:27",95.24,24.86,3.47,66.89,48.84,
"2018-11-04 00:00:00",95.24,24.86,,,,
"2018-11-03 07:58:48",95.55,24.16,3.52,67.86,49.40,
"2018-11-03 00:00:00",95.55,24.16,,,,
"2018-11-02 07:26:27",95.94,24.53,3.52,67.87,49.46,
"2018-11-02 00:00:00",95.94,24.52,,,,
"2018-11-01 07:29:19",96.27,23.69,3.57,68.98,50.13,
"2018-11-01 00:00:00",96.27,,,,,
"2018-10-31 07:27:33",96.83,24.13,3.58,69.10,50.27,
"2018-10-31 00:00:00",96.83,24.13,,,,
"2018-10-30 07:29:40",97.03,24.47,3.57,68.97,50.22,
"2018-10-30 00:00:00",97.03,24.46,,,,
"2018-10-29 07:28:09",96.74,24.55,3.56,68.62,49.99,
"2018-10-29 00:00:00",96.74,24.54,,,,
"2018-10-28 08:26:28",96.47,24.70,3.54,68.21,49.73,
"2018-10-28 00:00:00",96.47,24.70,,,,
"2018-10-27 08:46:35",96.58,23.49,3.60,69.47,50.46,
"2018-10-27 00:00:00",96.58,23.49,,,,
"2018-10-26 07:27:28",97.68,23.38,3.66,70.62,51.27,
"2018-10-26 00:00:00",97.68,23.38,,,,
"2018-10-25 07:28:32",95.57,24.41,3.51,67.64,49.29,
"2018-10-25 00:00:00",95.57,24.41,,,,
"2018-10-24 07:26:56",96.25,24.72,3.53,68.00,49.58,
"2018-10-24 00:00:00",96.25,21.31,,,,
"2018-10-23 07:28:14",97.89,24.19,3.63,70.06,50.95,
"2018-10-23 00:00:00",97.89,24.18,,,,
"2018-10-22 07:28:21",97.60,26.01,3.53,68.04,49.80,
"2018-10-22 00:00:00",97.60,26.00,,,,
"2018-10-21 00:00:00",97.27,25.09,,,,
"2018-10-20 00:00:00",96.94,24.17,,,,
"2018-10-19 07:26:39",96.62,23.27,3.61,69.72,50.61,
"2018-10-19 00:00:00",96.62,23.27,,,,
"2018-10-18 07:30:22",96.95,24.15,3.59,69.20,50.34,
"2018-10-18 00:00:00",96.94,24.14,,,,
"2018-10-17 07:28:46",96.73,24.54,3.56,68.62,49.98,
"2018-10-17 00:00:00",96.73,24.54,,,,
"2018-10-16 07:28:26",97.03,24.59,3.57,68.85,50.15,
"2018-10-16 00:00:00",97.03,24.59,,,,
"2018-10-15 07:27:40",96.14,24.75,3.52,67.86,49.49,
"2018-10-15 00:00:00",96.14,24.75,,,,
"2018-10-14 09:30:50",96.47,23.96,3.57,68.92,50.12,
"2018-10-14 00:00:00",96.47,23.95,,,,
"2018-10-13 09:24:04",95.47,22.47,3.60,69.39,50.30,
"2018-10-13 00:00:00",95.47,22.46,,,,
"2018-10-12 00:00:00",95.71,23.53,,,,
"2018-10-11 07:29:45",95.95,24.59,3.52,67.83,49.44,
"2018-10-11 00:00:00",95.95,24.58,,,,
"2018-10-10 00:00:00",96.18,20.87,,,,
"2018-10-09 07:29:09",96.41,23.91,3.57,68.91,50.11,
"2018-10-09 00:00:00",96.41,23.91,,,,
"2018-10-08 07:27:07",97.11,24.47,3.58,69.05,50.28,
"2018-10-08 00:00:00",97.11,24.46,,,,
"2018-10-07 00:00:00",96.58,24.02,,,,
"2018-10-06 09:33:21",96.05,23.58,3.57,68.89,50.06,
"2018-10-06 00:00:00",96.05,23.57,,,,
"2018-10-05 07:26:16",95.89,23.57,3.56,68.74,49.95,
"2018-10-05 00:00:00",95.89,23.56,,,,
"2018-10-04 07:29:16",95.34,23.44,3.54,68.34,49.65,
"2018-10-04 00:00:00",95.34,23.43,,,,
"2018-10-03 07:27:04",96.36,24.31,3.55,68.49,49.86,
"2018-10-03 00:00:00",96.36,24.30,,,,
"2018-10-02 00:00:00",96.81,24.44,,,,
"2018-10-01 07:30:02",97.25,24.58,3.58,69.08,50.31,
"2018-10-01 00:00:00",97.25,24.58,,,,
"2018-09-30 00:00:00",97.00,24.25,,,,
"2018-09-29 07:37:47",96.76,23.94,3.59,69.22,50.33,
"2018-09-29 00:00:00",96.76,,,,,
"2018-09-28 07:29:24",95.73,24.65,3.51,67.55,49.27,
"2018-09-28 00:00:00",95.72,24.65,,,,
"2018-09-27 07:28:21",95.60,23.34,3.56,68.68,49.88,
"2018-09-27 00:00:00",95.60,23.33,,,,
"2018-09-26 07:28:48",97.04,23.09,3.64,70.29,51.00,
"2018-09-26 00:00:00",97.04,23.08,,,,
"2018-09-25 07:27:10",98.09,23.36,3.68,71.03,51.55,
"2018-09-25 00:00:00",98.09,23.35,,,,
"2018-09-24 07:32:04",98.37,23.49,3.69,71.17,51.67,
"2018-09-24 00:00:00",98.37,23.48,,,,
"2018-09-23 00:00:00",97.24,23.67,,,,
"2018-09-22 09:17:31",96.10,23.85,3.56,68.68,49.95,
"2018-09-22 00:00:00",96.10,23.84,,,,
"2018-09-21 00:00:00",96.20,23.76,,,,
"2018-09-20 09:42:28",96.29,23.69,3.58,69.01,50.16,
"2018-09-20 00:00:00",96.29,23.69,,,,
"2018-09-19 00:00:00",96.47,19.59,,,,
"2018-09-18 06:54:39",96.66,22.42,3.66,70.56,51.15,
"2018-09-18 00:00:00",96.66,22.42,,,,
"2018-09-17 00:00:00",96.43,22.57,,,,
"2018-09-16 00:00:00",96.20,22.72,,,,
"2018-09-15 00:00:00",95.98,22.87,,,,
"2018-09-14 08:50:47",95.75,23.03,3.58,69.12,50.17,
"2018-09-14 00:00:00",95.75,23.03,,,,
"2018-09-13 00:00:00",95.64,22.55,,,,
"2018-09-12 00:00:00",95.53,22.09,,,,
"2018-09-11 00:00:00",95.42,21.62,,,,
"2018-09-10 00:00:00",95.31,21.16,,,,
"2018-09-09 10:21:14",95.20,20.70,3.68,70.80,51.23,
"2018-09-09 00:00:00",95.19,20.70,,,,
"2018-09-08 07:38:12",94.88,21.19,3.64,70.04,50.69,
"2018-09-08 00:00:00",94.88,21.19,,,,
"2018-09-07 00:00:00",94.74,20.85,,,,
"2018-09-06 00:00:00",94.60,,,,,
"2018-09-05 00:00:00",94.46,,,,,
"2018-09-04 00:00:00",94.32,19.87,,,,
"2018-09-03 00:00:00",94.18,19.54,,,,
"2018-09-02 00:00:00",94.04,19.22,,,,
"2018-09-01 07:38:13",93.90,18.90,3.72,71.27,51.59,
"2018-09-01 00:00:00",93.90,,,,,
"2018-08-31 00:00:00",93.84,,,,,
"2018-08-30 00:00:00",93.78,19.22,,,,
"2018-08-29 00:00:00",93.72,21.38,,,,
"2018-08-28 00:00:00",93.65,19.55,,,,
"2018-08-27 09:17:20",93.59,19.71,3.65,70.21,50.77,
"2018-08-27 00:00:00",93.59,19.70,,,,
"2018-08-26 00:00:00",93.91,19.36,,,,
"2018-08-25 08:27:15",94.23,19.00,3.73,71.48,51.76,
"2018-08-25 00:00:00",94.23,19.00,,,,
"2018-08-24 07:29:32",93.82,19.36,3.69,70.76,51.19,
"2018-08-24 00:00:00",93.82,19.36,,,,
"2018-08-23 00:00:00",93.72,20.03,,,,
"2018-08-22 07:31:18",93.61,19.84,3.65,70.11,50.70,
"2018-08-22 00:00:00",93.61,19.84,,,,
"2018-08-21 07:31:02",94.00,20.22,3.64,70.12,50.71,
"2018-08-21 00:00:00",94.00,20.22,,,,
"2018-08-20 00:00:00",93.70,20.30,,,,
"2018-08-19 00:00:00",93.40,20.40,,,,
"2018-08-18 00:00:00",93.11,20.49,,,,
"2018-08-17 07:28:33",92.81,20.59,3.56,68.64,49.62,
"2018-08-17 00:00:00",92.81,20.58,,,,
"2018-08-16 07:29:58",91.86,19.75,3.56,68.54,49.50,
"2018-08-16 00:00:00",91.86,19.74,,,,
"2018-08-15 07:28:28",91.83,20.89,3.50,67.42,48.74,
"2018-08-15 00:00:00",91.83,20.89,,,,
"2018-08-14 07:30:51",91.98,19.67,3.57,68.72,49.64,
"2018-08-14 00:00:00",91.98,19.67,,,,
"2018-08-13 00:00:00",92.23,19.95,,,,
"2018-08-12 00:00:00",92.47,,,,,
"2018-08-11 07:27:50",92.72,20.53,3.56,68.62,49.60,
"2018-08-11 00:00:00",92.72,,,,,
"2018-08-10 07:30:18",92.66,21.14,3.53,67.98,49.17,
"2018-08-10 00:00:00",92.66,,,,,
"2018-08-09 00:00:00",92.52,20.41,,,,
"2018-08-08 07:28:40",92.38,19.69,3.59,69.09,49.92,
"2018-08-08 00:00:00",92.38,19.69,,,,
"2018-08-07 00:00:00",92.18,19.68,,,,
"2018-08-06 00:00:00",91.99,,,,,
"2018-08-05 00:00:00",91.79,19.64,,,,
"2018-08-04 00:00:00",91.60,19.63,,,,
"2018-08-03 07:31:39",91.41,,,,,
"2018-08-03 00:00:00",91.41,19.62,,,,
"2018-08-02 00:00:00",91.33,19.62,,,,
"2018-08-01 00:00:00",91.27,19.63,,,,
"2018-07-31 00:00:00",91.20,19.64,,,,
"2018-07-30 00:00:00",91.13,19.66,,,,
"2018-07-29 00:00:00",91.06,19.67,,,,
"2018-07-28 00:00:00",91.00,19.67,,,,
"2018-07-27 00:00:00",90.93,19.69,,,,
"2018-07-26 00:00:00",90.86,19.70,,,,
"2018-07-25 00:00:00",90.80,19.71,,,,
"2018-07-24 00:00:00",90.73,19.72,,,,
"2018-07-23 00:00:00",90.66,19.74,,,,
"2018-07-22 00:00:00",90.60,19.74,,,,
"2018-07-21 00:00:00",90.53,19.75,,,,
"2018-07-20 07:27:38",90.46,19.77,3.49,67.19,48.49,
"2018-07-20 00:00:00",90.46,19.77,,,,
"2018-07-19 00:00:00",90.47,19.86,,,,
"2018-07-18 00:00:00",90.49,19.95,,,,
"2018-07-17 00:00:00",90.50,20.05,,,,
"2018-07-16 00:00:00",90.51,20.15,,,,
"2018-07-15 00:00:00",90.52,20.24,,,,
"2018-07-14 00:00:00",90.53,20.34,,,,
"2018-07-13 07:29:22",90.54,20.44,3.46,66.63,48.13,
"2018-07-13 00:00:00",90.54,20.44,,,,
"2018-07-12 00:00:00",90.32,20.28,,,,
"2018-07-11 00:00:00",90.11,20.12,,,,
"2018-07-10 00:00:00",89.90,19.97,,,,
"2018-07-09 00:00:00",89.69,15.88,,,,
"2018-07-08 00:00:00",89.48,12.77,,,,
"2018-07-07 00:00:00",89.27,19.52,,,,
"2018-07-06 00:00:00",89.06,19.36,,,,
"2018-07-05 00:00:00",88.85,19.21,,,,
"2018-07-04 00:00:00",88.64,19.71,,,,
"2018-07-03 00:00:00",88.43,,,,,
"2018-07-02 00:00:00",88.22,,,,,
"2018-07-01 00:00:00",88.01,18.61,,,,
"2018-06-30 07:35:27",87.80,18.47,3.42,65.90,47.45,
"2018-06-30 00:00:00",87.80,12.23,,,,
"2018-06-29 07:30:13",87.96,19.05,3.40,65.50,47.18,
"2018-06-29 00:00:00",87.96,19.04,,,,
"2018-06-28 07:27:56",87.86,19.43,3.38,65.04,46.87,
"2018-06-28 00:00:00",87.86,19.43,,,,
"2018-06-27 07:28:36",88.40,19.14,3.42,65.83,47.44,
"2018-06-27 00:00:00",88.40,19.13,,,,
"2018-06-26 07:30:28",88.40,18.76,3.44,66.19,47.68,
"2018-06-26 00:00:00",88.40,18.76,,,,
"2018-06-25 00:00:00",88.66,,,,,
"2018-06-24 00:00:00",88.92,18.93,,,,
"2018-06-23 00:00:00",89.17,17.44,,,,
"2018-06-22 00:00:00",89.43,19.11,,,,
"2018-06-21 00:00:00",89.68,15.87,,,,
"2018-06-20 00:00:00",89.94,19.28,,,,
"2018-06-19 00:00:00",90.19,19.36,,,,
"2018-06-18 07:50:56",90.45,19.46,3.50,67.47,48.69,
"2018-06-18 00:00:00",90.45,19.46,,,,
"2018-06-17 00:00:00",89.93,19.34,,,,
"2018-06-16 00:00:00",89.42,19.23,,,,
"2018-06-15 00:00:00",88.91,,,,,
"2018-06-14 00:00:00",88.39,,,,,
"2018-06-13 07:53:43",87.88,18.89,3.41,65.57,47.22,
"2018-06-13 00:00:00",87.88,15.55,,,,
"2018-06-12 00:00:00",87.83,18.87,,,,
"2018-06-11 00:00:00",87.77,19.26,,,,
"2018-06-10 00:00:00",87.72,18.84,,,,
"2018-06-09 09:27:19",87.67,18.83,3.40,65.43,47.11,
"2018-06-09 00:00:00",87.67,,,,,
"2018-06-08 07:32:06",87.35,19.00,3.38,64.96,46.77,
"2018-06-08 00:00:00",87.35,17.78,,,,
"2018-06-07 07:28:48",87.61,17.92,3.44,66.24,47.69,
"2018-06-07 00:00:00",87.61,,,,,
"2018-06-06 07:34:18",88.03,18.44,3.44,66.14,47.64,
"2018-06-06 00:00:00",88.03,18.43,,,,
"2018-06-05 07:27:50",88.21,18.61,3.44,66.15,47.65,
"2018-06-05 00:00:00",88.21,18.60,,,,
"2018-06-04 00:00:00",87.70,18.21,,,,
"2018-06-03 00:00:00",87.19,17.99,,,,
"2018-06-02 09:20:17",86.68,17.43,3.42,65.81,47.35,
"2018-06-02 00:00:00",86.68,,,,,
"2018-06-01 00:00:00",86.83,17.59,,,,
"2018-05-31 00:00:00",86.98,,,,,
"2018-05-30 00:00:00",87.13,,,,,
"2018-05-29 00:00:00",87.28,,,,,
"2018-05-28 09:56:07",87.43,18.28,3.42,65.72,47.31,
"2018-05-28 00:00:00",87.43,,,,,
"2018-05-27 00:00:00",87.19,,,,,
"2018-05-26 00:00:00",86.95,15.30,,,,
"2018-05-25 00:00:00",86.71,17.99,,,,
"2018-05-24 07:26:56",86.47,17.90,3.39,65.17,46.87,
"2018-05-24 00:00:00",86.47,17.90,,,,
"2018-05-23 07:28:08",87.16,17.14,3.46,66.54,47.92,
"2018-05-23 00:00:00",87.16,15.43,,,,
"2018-05-22 07:30:25",86.72,17.42,3.42,65.87,47.39,
"2018-05-22 00:00:00",86.72,,,,,
"2018-05-21 07:38:22",87.77,17.56,3.47,66.73,48.07,
"2018-05-21 00:00:00",87.77,,,,,
"2018-05-20 09:17:45",87.48,17.82,3.44,66.21,47.67,
"2018-05-20 00:00:00",87.48,,,,,
"2018-05-19 00:00:00",87.36,17.67,,,,
"2018-05-18 00:00:00",87.23,,,,,
"2018-05-17 00:00:00",87.11,16.97,,,,
"2018-05-16 00:00:00",86.98,14.65,,,,
"2018-05-15 07:35:31",86.86,17.73,3.41,65.69,47.27,
"2018-05-15 00:00:00",86.86,17.73,,,,
"2018-05-14 00:00:00",86.72,,,,,
"2018-05-13 00:00:00",86.59,,,,,
"2018-05-12 08:56:16",86.46,17.28,3.42,65.75,47.30,
"2018-05-12 00:00:00",86.46,17.27,,,,
"2018-05-11 00:00:00",86.53,,,,,
"2018-05-10 00:00:00",86.60,15.90,,,,
"2018-05-09 07:45:24",86.66,17.60,3.41,65.64,47.22,
"2018-05-09 00:00:00",86.66,,,,,
"2018-05-08 00:00:00",86.28,,,,,
"2018-05-07 09:48:28",85.89,16.79,3.42,65.66,47.23,
"2018-05-07 00:00:00",85.89,15.68,,,,
"2018-05-06 00:00:00",85.41,15.90,,,,
"2018-05-05 09:32:53",84.94,17.26,3.35,64.32,46.18,
"2018-05-05 00:00:00",84.94,17.25,,,,
"2018-05-04 07:38:45",84.43,16.57,3.35,64.49,46.29,
"2018-05-04 00:00:00",84.43,14.94,,,,
"2018-05-03 07:42:44",84.80,17.49,3.33,63.97,45.92,
"2018-05-03 00:00:00",84.80,,,,,
"2018-05-02 00:00:00",85.24,17.36,,,,
"2018-05-01 00:00:00",85.67,,,,,
"2018-04-30 00:00:00",86.10,,,,,
"2018-04-29 09:38:27",86.53,16.97,3.44,66.11,47.58,
"2018-04-29 00:00:00",86.53,,,,,
"2018-04-28 08:58:53",85.83,17.30,3.39,65.13,46.82,
"2018-04-28 00:00:00",85.83,,,,,
"2018-04-27 08:04:40",85.10,16.87,3.37,64.84,46.58,
"2018-04-27 00:00:00",85.10,,,,,
"2018-04-26 07:45:30",85.12,17.18,3.36,64.57,46.38,
"2018-04-26 00:00:00",85.12,17.18,,,,
"2018-04-25 07:57:29",85.14,16.81,3.38,64.93,46.65,
"2018-04-25 00:00:00",85.14,16.81,,,,
"2018-04-24 07:29:28",85.48,16.51,3.41,65.55,47.14,
"2018-04-24 00:00:00",85.48,16.51,,,,
"2018-04-23 08:14:14",85.48,16.67,3.40,65.39,47.01,
"2018-04-23 00:00:00",85.47,16.67,,,,
"2018-04-22 08:34:08",84.95,16.80,3.37,64.76,46.52,
"2018-04-22 00:00:00",84.95,16.79,,,,
"2018-04-21 08:37:27",85.30,16.72,3.39,65.18,46.84,
"2018-04-21 00:00:00",85.30,16.72,,,,
"2018-04-20 07:31:07",85.87,17.54,3.38,64.94,46.68,
"2018-04-20 00:00:00",85.87,,,,,
"2018-04-19 07:30:05",85.73,16.84,3.40,65.46,47.07,
"2018-04-19 00:00:00",85.73,16.84,,,,
"2018-04-18 07:32:05",86.17,16.72,3.43,66.00,47.50,
"2018-04-18 00:00:00",86.17,,,,,
"2018-04-17 00:00:00",86.61,16.63,,,,
"2018-04-16 00:00:00",87.05,12.43,,,,
"2018-04-15 08:41:01",87.50,17.45,3.46,66.57,47.94,
"2018-04-15 00:00:00",87.50,,,,,
"2018-04-14 00:00:00",87.60,17.15,,,,
"2018-04-13 07:28:48",87.69,16.86,3.50,67.32,48.54,
"2018-04-13 00:00:00",87.69,17.85,,,,
"2018-04-12 07:28:54",85.69,17.71,3.36,64.60,46.43,
"2018-04-12 00:00:00",85.69,17.70,,,,
"2018-04-11 07:27:28",86.39,17.39,3.41,65.57,47.16,
"2018-04-11 00:00:00",86.39,17.38,,,,
"2018-04-10 07:53:22",86.37,17.33,3.41,65.61,47.19,
"2018-04-10 00:00:00",86.37,19.86,,,,
"2018-04-09 07:38:32",86.43,18.73,3.35,64.34,46.29,
"2018-04-09 00:00:00",86.43,15.30,,,,
"2018-04-08 09:32:17",86.88,18.01,3.40,65.46,47.10,
"2018-04-08 00:00:00",86.88,,,,,
"2018-04-07 00:00:00",87.03,20.29,,,,
"2018-04-06 00:00:00",87.17,,,,,
"2018-04-05 07:36:03",87.31,18.64,3.39,65.27,46.99,
"2018-04-05 00:00:00",87.31,18.63,,,,
"2018-04-04 07:56:23",87.18,18.17,3.41,65.58,47.20,
"2018-04-04 00:00:00",87.18,14.99,,,,
"2018-04-03 07:28:31",87.04,19.06,3.36,64.61,46.52,
"2018-04-03 00:00:00",87.04,,,,,
"2018-04-02 00:00:00",86.69,15.26,,,,
"2018-04-01 00:00:00",86.34,,,,,
"2018-03-31 00:00:00",85.99,17.21,,,,
"2018-03-30 00:00:00",85.64,19.80,,,,
"2018-03-29 07:31:14",85.29,16.00,3.43,65.85,47.39,
"2018-03-29 00:00:00",85.29,15.99,,,,
"2018-03-28 00:00:00",86.21,,,,,
"2018-03-27 07:30:10",87.13,17.29,3.45,66.37,47.79,
"2018-03-27 00:00:00",87.13,,,,,
"2018-03-26 07:07:29",86.46,17.22,3.42,65.80,47.34,
"2018-03-26 00:00:00",86.46,,,,,
"2018-03-25 00:00:00",86.41,,,,,
"2018-03-24 09:32:35",86.36,16.75,3.44,66.15,47.62,
"2018-03-24 00:00:00",86.36,,,,,
"2018-03-23 07:29:48",85.48,16.20,3.43,65.84,47.38,
"2018-03-23 00:00:00",85.48,16.20,,,,
"2018-03-22 07:30:00",85.09,17.56,3.34,64.18,46.10,
"2018-03-22 00:00:00",85.09,,,,,
"2018-03-21 07:45:18",85.36,17.54,3.35,64.45,46.30,
"2018-03-21 00:00:00",85.36,,,,,
"2018-03-20 07:08:08",85.90,18.06,3.35,64.47,46.34,
"2018-03-20 00:00:00",85.90,18.06,,,,
"2018-03-19 07:37:07",86.14,17.68,3.38,65.06,46.78,
"2018-03-19 00:00:00",86.14,,,,,
"2018-03-18 09:49:39",86.16,16.79,3.43,65.93,47.44,
"2018-03-18 00:00:00",86.16,16.78,,,,
"2018-03-17 07:34:46",85.71,15.97,3.45,66.27,47.73,
"2018-03-17 00:00:00",85.71,15.97,,,,
"2018-03-16 07:34:39",86.15,16.01,3.47,66.66,48.05,
"2018-03-16 00:00:00",86.15,,,,,
"2018-03-15 07:40:38",85.55,16.42,3.42,65.70,47.26,
"2018-03-15 00:00:00",85.55,16.85,,,,
"2018-03-14 07:29:09",86.22,17.14,3.41,65.66,47.23,
"2018-03-14 00:00:00",86.22,,,,,
"2018-03-13 07:28:11",86.10,17.35,3.40,65.34,46.98,
"2018-03-13 00:00:00",86.10,17.34,,,,
"2018-03-12 07:31:54",86.64,17.82,3.40,65.40,47.05,
"2018-03-12 00:00:00",86.64,17.81,,,,
"2018-03-11 09:37:19",86.22,16.83,3.43,65.95,47.45,
"2018-03-11 00:00:00",86.22,,,,,
"2018-03-10 08:39:37",85.71,16.57,3.42,65.71,47.27,
"2018-03-10 00:00:00",85.71,11.85,,,,
"2018-03-09 00:00:00",85.64,17.07,,,,
"2018-03-08 07:31:48",85.57,17.57,3.36,64.62,46.44,
"2018-03-08 00:00:00",85.57,20.14,,,,
"2018-03-07 07:28:53",85.96,17.98,3.36,64.60,46.44,
"2018-03-07 00:00:00",85.96,17.97,,,,
"2018-03-06 07:29:20",86.13,17.59,3.39,65.14,46.84,
"2018-03-06 00:00:00",86.13,17.59,,,,
"2018-03-05 00:00:00",86.59,17.87,,,,
"2018-03-04 10:03:57",87.04,18.16,3.40,65.47,47.11,
"2018-03-04 00:00:00",87.04,,,,,
"2018-03-03 09:03:45",86.61,17.14,3.43,66.02,47.51,
"2018-03-03 00:00:00",86.61,,,,,
"2018-03-02 07:31:54",86.70,17.64,3.41,65.63,47.22,
"2018-03-02 00:00:00",86.70,17.63,,,,
"2018-03-01 07:40:19",86.00,17.58,3.38,65.02,46.75,
"2018-03-01 00:00:00",86.00,17.58,,,,
"2018-02-28 07:46:49",86.67,17.93,3.40,65.33,47.00,
"2018-02-28 00:00:00",86.67,17.92,,,,
"2018-02-27 07:29:23",87.21,17.69,3.43,66.07,47.56,
"2018-02-27 00:00:00",87.21,,,,,
"2018-02-26 07:10:14",88.07,18.03,3.46,66.57,47.96,
"2018-02-26 00:00:00",88.07,18.03,,,,
"2018-02-25 09:21:47",87.99,17.55,3.48,66.94,48.24,
"2018-02-25 00:00:00",87.99,14.01,,,,
"2018-02-24 08:40:55",87.15,17.79,3.43,65.92,47.45,
"2018-02-24 00:00:00",87.15,17.79,,,,
"2018-02-23 07:28:58",87.22,17.48,3.45,66.28,47.72,
"2018-02-23 00:00:00",87.22,17.48,,,,
"2018-02-22 07:10:11",87.69,17.99,3.44,66.25,47.70,
"2018-02-22 00:00:00",87.69,17.98,,,,
"2018-02-21 07:29:02",87.75,18.12,3.44,66.17,47.65,
"2018-02-21 00:00:00",87.75,18.16,,,,
"2018-02-20 00:00:00",87.92,14.59,,,,
"2018-02-19 00:00:00",88.09,19.95,,,,
"2018-02-18 08:48:58",88.27,20.88,3.34,64.04,46.31,
"2018-02-18 00:00:00",88.27,13.15,,,,
"2018-02-17 00:00:00",88.07,12.02,,,,
"2018-02-16 07:29:17",87.88,17.88,3.46,66.53,47.92,
"2018-02-16 00:00:00",87.88,,,,,
"2018-02-15 07:29:28",86.94,18.07,3.40,65.45,47.10,
"2018-02-15 00:00:00",86.94,18.07,,,,
"2018-02-14 07:28:15",87.76,18.40,3.43,65.93,47.48,
"2018-02-14 00:00:00",87.76,,,,,
"2018-02-13 07:28:48",88.08,18.72,3.42,65.92,47.49,
"2018-02-13 00:00:00",88.08,18.72,,,,
"2018-02-12 07:33:54",88.47,18.20,3.47,66.78,48.13,
"2018-02-12 00:00:00",88.47,19.62,,,,
"2018-02-11 07:31:10",88.12,16.89,3.53,67.70,48.85,
"2018-02-11 00:00:00",88.12,16.88,,,,
"2018-02-10 08:54:24",88.11,17.25,3.50,67.34,48.56,
"2018-02-10 00:00:00",88.11,17.41,,,,
"2018-02-09 07:30:41",88.72,17.61,3.51,67.57,48.74,
"2018-02-09 00:00:00",88.72,20.66,,,,
"2018-02-08 07:28:32",87.58,18.49,3.41,65.66,47.28,
"2018-02-08 00:00:00",87.58,18.49,,,,
"2018-02-07 07:27:51",87.55,18.15,3.43,65.96,47.49,
"2018-02-07 00:00:00",87.55,18.15,,,,
"2018-02-06 07:31:03",87.84,17.94,3.45,66.43,47.85,
"2018-02-06 00:00:00",87.83,17.94,,,,
"2018-02-05 07:28:43",88.53,18.76,3.44,66.31,47.79,
"2018-02-05 00:00:00",88.53,15.67,,,,
"2018-02-04 09:02:00",88.31,18.74,3.43,66.12,47.64,
"2018-02-04 00:00:00",88.31,18.74,,,,
"2018-02-03 08:41:02",87.90,18.31,3.44,66.14,47.64,
"2018-02-03 00:00:00",87.90,18.31,,,,
"2018-02-02 07:28:12",87.30,17.75,3.44,66.10,47.59,
"2018-02-02 00:00:00",87.30,17.75,,,,
"2018-02-01 07:30:10",87.91,18.55,3.43,65.92,47.48,
"2018-02-01 00:00:00",87.91,18.55,,,,
"2018-01-31 07:26:48",88.06,18.65,3.43,65.96,47.52,
"2018-01-31 00:00:00",88.06,18.65,,,,
"2018-01-30 07:24:18",88.97,18.99,3.45,66.52,47.95,
"2018-01-30 00:00:00",88.97,18.99,,,,
"2018-01-29 07:24:19",88.27,18.66,3.44,66.15,47.66,
"2018-01-29 00:00:00",88.27,21.06,,,,
"2018-01-28 08:38:33",88.89,18.74,3.46,66.68,48.06,
"2018-01-28 00:00:00",88.89,18.74,,,,
"2018-01-27 07:47:32",88.73,18.62,3.46,66.63,48.02,
"2018-01-27 00:00:00",88.72,12.71,,,,
"2018-01-26 07:23:40",88.62,19.02,3.44,66.15,47.68,
"2018-01-26 00:00:00",88.62,19.02,,,,
"2018-01-25 07:23:29",88.67,18.77,3.45,66.44,47.88,
"2018-01-25 00:00:00",88.67,,,,,
"2018-01-24 07:23:31",88.66,19.09,3.43,66.12,47.66,
"2018-01-24 00:00:00",88.66,19.09,,,,
"2018-01-23 07:23:23",89.50,19.08,3.48,66.93,48.27,
"2018-01-23 00:00:00",89.50,19.07,,,,
"2018-01-22 07:23:25",89.40,19.93,3.43,66.02,47.65,
"2018-01-22 00:00:00",89.40,,,,,
"2018-01-21 08:30:37",88.94,18.82,3.46,66.64,48.04,
"2018-01-21 00:00:00",88.94,15.74,,,,
"2018-01-20 08:11:55",88.62,19.44,3.42,65.75,47.41,
"2018-01-20 00:00:00",88.62,,,,,
"2018-01-19 07:23:59",88.85,19.47,3.43,65.94,47.55,
"2018-01-19 00:00:00",88.85,19.47,,,,
"2018-01-18 07:23:08",89.44,19.62,3.45,66.36,47.88,
"2018-01-18 00:00:00",89.44,19.61,,,,
"2018-01-17 07:24:12",89.37,19.61,3.44,66.29,47.83,
"2018-01-17 00:00:00",89.37,,,,,
"2018-01-16 07:23:56",90.24,19.96,3.47,66.79,48.22,
"2018-01-16 00:00:00",90.24,,,,,
"2018-01-15 07:24:35",89.91,20.27,3.44,66.19,47.80,
"2018-01-15 00:00:00",89.91,20.27,,,,
"2018-01-14 08:47:18",90.23,20.21,3.46,66.55,48.06,
"2018-01-14 00:00:00",90.23,20.20,,,,
"2018-01-13 08:09:48",89.76,20.45,3.42,65.87,47.59,
"2018-01-13 00:00:00",89.76,17.40,,,,
"2018-01-12 07:23:45",89.94,20.24,3.44,66.24,47.84,
"2018-01-12 00:00:00",89.94,15.92,,,,
"2018-01-11 07:23:11",90.19,20.67,3.43,66.07,47.76,
"2018-01-11 00:00:00",90.19,20.66,,,,
"2018-01-10 07:24:18",90.28,20.63,3.44,66.19,47.84,
"2018-01-10 00:00:00",90.28,,,,,
"2018-01-09 07:23:54",90.23,20.80,3.43,65.99,47.71,
"2018-01-09 00:00:00",90.23,20.80,,,,
"2018-01-08 07:22:34",90.54,20.73,3.44,66.35,47.96,
"2018-01-08 00:00:00",90.54,,,,,
"2018-01-07 00:00:00",90.10,13.38,,,,
"2018-01-06 09:21:36",89.67,20.66,3.41,65.58,47.40,
"2018-01-06 00:00:00",89.67,20.66,,,,
"2018-01-05 08:45:24",90.19,21.87,3.38,64.92,47.08,
"2018-01-05 00:00:00",90.19,21.86,,,,
"2018-01-04 09:23:29",90.12,21.51,3.39,65.20,47.22,
"2018-01-04 00:00:00",90.12,,,,,
"2018-01-03 00:00:00",90.14,,,,,
"2018-01-02 00:00:00",90.15,,,,,
"2018-01-01 00:00:00",90.16,12.99,,,,
"2017-12-31 00:00:00",90.17,20.53,,,,
"2017-12-30 00:00:00",90.19,,,,,
"2017-12-29 00:00:00",90.20,,,,,
"2017-12-28 00:00:00",90.28,14.42,,,,
"2017-12-27 00:00:00",90.35,20.08,,,,
"2017-12-26 00:00:00",90.42,20.10,,,,
"2017-12-25 00:00:00",90.50,14.85,,,,
"2017-12-24 00:00:00",90.57,,,,,
"2017-12-23 06:33:11",90.64,20.15,3.48,67.00,48.39,
"2017-12-23 00:00:00",90.64,20.15,,,,
"2017-12-22 07:26:36",90.37,20.86,3.43,66.07,47.77,
"2017-12-22 00:00:00",90.37,,,,,
"2017-12-21 07:24:20",90.47,20.73,3.44,66.28,47.92,
"2017-12-21 00:00:00",90.47,,,,,
"2017-12-20 07:23:41",90.93,21.39,3.43,66.09,47.85,
"2017-12-20 00:00:00",90.93,21.39,,,,
"2017-12-19 07:29:39",91.11,20.97,3.46,66.67,48.22,
"2017-12-19 00:00:00",91.11,,,,,
"2017-12-18 07:28:32",91.61,21.82,3.44,66.33,48.07,
"2017-12-18 00:00:00",91.61,15.93,,,,
"2017-12-17 09:08:42",91.30,21.89,3.43,65.97,47.82,
"2017-12-17 00:00:00",91.30,,,,,
"2017-12-16 08:40:39",90.96,21.42,3.43,66.10,47.85,
"2017-12-16 00:00:00",90.96,,,,,
"2017-12-15 07:24:49",91.09,21.26,3.45,66.37,48.03,
"2017-12-15 00:00:00",91.09,,,,,
"2017-12-14 07:23:00",91.52,21.38,3.46,66.66,48.26,
"2017-12-14 00:00:00",91.52,16.20,,,,
"2017-12-13 00:00:00",91.95,,,,,
"2017-12-12 07:23:59",92.37,22.42,3.45,66.48,48.25,
"2017-12-12 00:00:00",92.37,,,,,
"2017-12-11 07:26:52",91.83,21.46,3.47,66.88,48.42,
"2017-12-11 00:00:00",91.83,21.45,,,,
"2017-12-10 08:11:53",91.51,21.64,3.45,66.41,48.10,
"2017-12-10 00:00:00",91.51,12.30,,,,
"2017-12-09 07:59:57",91.49,21.31,3.46,66.70,48.28,
"2017-12-09 00:00:00",91.49,,,,,
"2017-12-08 07:22:30",91.48,21.72,3.44,66.30,48.04,
"2017-12-08 00:00:00",91.48,21.72,,,,
"2017-12-07 07:24:57",91.30,21.01,3.47,66.81,48.33,
"2017-12-07 00:00:00",91.30,17.53,,,,
"2017-12-06 07:06:19",91.17,21.53,3.44,66.19,47.93,
"2017-12-06 00:00:00",91.17,,,,,
"2017-12-05 07:03:24",92.09,22.03,3.46,66.59,48.28,
"2017-12-05 00:00:00",92.09,22.03,,,,
"2017-12-04 07:03:40",92.75,22.11,3.48,67.14,48.68,
"2017-12-04 00:00:00",92.75,,,,,
"2017-12-03 07:59:23",92.90,22.45,3.48,66.96,48.59,
"2017-12-03 00:00:00",92.90,22.45,,,,
"2017-12-02 08:23:42",92.18,21.13,3.50,67.53,48.86,
"2017-12-02 00:00:00",92.18,21.13,,,,
"2017-12-01 00:00:00",92.57,,,,,
"2017-11-30 00:00:00",92.95,16.45,,,,
"2017-11-29 00:00:00",93.34,,,,,
"2017-11-28 00:00:00",93.73,,,,,
"2017-11-27 07:31:10",94.11,21.81,3.56,68.72,49.79,
"2017-11-27 00:00:00",94.11,21.81,,,,
"2017-11-26 00:00:00",93.97,21.69,,,,
"2017-11-25 00:00:00",93.83,,,,,
"2017-11-24 00:00:00",93.69,20.63,,,,
"2017-11-23 00:00:00",93.56,21.37,,,,
"2017-11-22 00:00:00",93.42,,,,,
"2017-11-21 00:00:00",93.28,16.94,,,,
"2017-11-20 00:00:00",93.14,20.31,,,,
"2017-11-19 00:00:00",93.00,20.94,,,,
"2017-11-18 00:00:00",92.87,,,,,
"2017-11-17 00:00:00",92.73,20.74,,,,
"2017-11-16 00:00:00",92.59,,,,,
"2017-11-15 00:00:00",92.45,,,,,
"2017-11-14 00:00:00",92.31,14.08,,,,
"2017-11-13 00:00:00",92.18,16.41,,,,
"2017-11-12 00:00:00",92.04,,,,,
"2017-11-11 00:00:00",91.90,,,,,
"2017-11-10 08:11:40",91.76,20.02,3.54,68.18,49.27,
"2017-11-10 00:00:00",91.76,,,,,
"2017-11-09 00:00:00",91.66,20.04,,,,
"2017-11-08 00:00:00",91.56,20.05,,,,
"2017-11-07 00:00:00",91.47,,,,,
"2017-11-06 00:00:00",91.37,14.88,,,,
"2017-11-05 00:00:00",91.28,,,,,
"2017-11-04 00:00:00",91.18,20.11,,,,
"2017-11-03 00:00:00",91.09,20.13,,,,
"2017-11-02 00:00:00",90.99,,,,,
"2017-11-01 00:00:00",90.90,,,,,
"2017-10-31 00:00:00",90.80,16.34,,,,
"2017-10-30 00:00:00",90.71,11.16,,,,
"2017-10-29 00:00:00",90.61,20.22,,,,
"2017-10-28 00:00:00",90.52,20.23,,,,
"2017-10-27 00:00:00",90.42,,,,,
"2017-10-26 00:00:00",90.33,20.26,,,,
"2017-10-25 07:24:08",90.23,20.28,3.45,66.49,48.03,
"2017-10-25 00:00:00",90.23,,,,,
"2017-10-24 00:00:00",90.22,16.33,,,,
"2017-10-23 00:00:00",90.21,17.75,,,,
"2017-10-22 00:00:00",90.21,19.88,,,,
"2017-10-21 00:00:00",90.20,,,,,
"2017-10-20 00:00:00",90.19,19.63,,,,
"2017-10-19 00:00:00",90.18,19.50,,,,
"2017-10-18 07:22:47",90.18,19.38,3.49,67.28,48.56,
"2017-10-18 00:00:00",90.18,19.37,,,,
"2017-10-17 00:00:00",90.29,19.52,,,,
"2017-10-16 00:00:00",90.40,,,,,
"2017-10-15 00:00:00",90.51,19.80,,,,
"2017-10-14 00:00:00",90.62,19.95,,,,
"2017-10-13 07:07:10",90.74,20.09,3.48,67.14,48.50,
"2017-10-13 00:00:00",90.74,,,,,
"2017-10-12 00:00:00",90.58,,,,,
"2017-10-11 00:00:00",90.43,16.01,,,,
"2017-10-10 07:19:51",90.28,19.81,3.48,66.98,48.36,
"2017-10-10 00:00:00",90.28,19.81,,,,
"2017-10-09 07:29:47",90.58,19.27,3.52,67.78,48.93,
"2017-10-09 00:00:00",90.58,19.27,,,,
"2017-10-08 00:00:00",90.04,,,,,
"2017-10-07 00:00:00",89.51,,,,,
"2017-10-06 07:24:04",88.98,19.15,3.45,66.37,47.86,
"2017-10-06 00:00:00",88.98,,,,,
"2017-10-05 07:17:18",89.67,19.41,3.47,66.77,48.18,
"2017-10-05 00:00:00",89.67,17.33,,,,
"2017-10-04 07:23:49",89.72,19.70,3.46,66.55,48.04,
"2017-10-04 00:00:00",89.72,19.69,,,,
"2017-10-03 07:23:42",90.45,20.14,3.47,66.83,48.27,
"2017-10-03 00:00:00",90.45,,,,,
"2017-10-02 07:25:27",91.28,20.19,3.51,67.57,48.82,
"2017-10-02 00:00:00",91.28,20.18,,,,
"2017-10-01 00:00:00",90.89,19.87,,,,
"2017-09-30 00:00:00",90.50,19.55,,,,
"2017-09-29 00:00:00",90.10,19.24,,,,
"2017-09-28 00:00:00",89.71,18.93,,,,
"2017-09-27 07:24:32",89.32,18.62,3.49,67.19,48.46,
"2017-09-27 00:00:00",89.32,,,,,
"2017-09-26 07:24:24",89.42,18.74,3.49,67.17,48.45,
"2017-09-26 00:00:00",89.42,15.26,,,,
"2017-09-25 07:24:03",89.50,19.83,3.44,66.22,47.80,
"2017-09-25 00:00:00",89.50,,,,,
"2017-09-24 00:00:00",89.88,19.70,,,,
"2017-09-23 09:03:31",90.25,19.58,3.49,67.17,48.49,
"2017-09-23 00:00:00",90.25,19.58,,,,
"2017-09-22 00:00:00",90.36,19.09,,,,
"2017-09-21 00:00:00",90.47,18.61,,,,
"2017-09-20 00:00:00",90.58,10.89,,,,
"2017-09-19 00:00:00",90.69,17.64,,,,
"2017-09-18 23:04:52",90.80,17.16,3.65,69.97,50.66,
"2017-09-18 00:00:00",90.80,17.15,,,,
"2017-09-17 00:00:00",89.54,17.38,,,,
"2017-09-16 07:24:37",88.28,17.60,3.49,67.17,48.43,
"2017-09-16 00:00:00",88.28,,,,,
"2017-09-15 07:16:43",87.21,17.69,3.43,66.08,47.58,
"2017-09-15 00:00:00",87.21,17.69,,,,
"2017-09-14 07:23:35",87.42,17.42,3.46,66.52,47.92,
"2017-09-14 00:00:00",87.42,,,,,
"2017-09-13 07:25:17",87.53,18.05,3.43,66.04,47.56,
"2017-09-13 00:00:00",87.53,,,,,
"2017-09-12 07:22:34",88.18,18.79,3.43,65.95,47.52,
"2017-09-12 00:00:00",88.18,,,,,
"2017-09-11 07:25:56",88.59,18.76,3.45,66.37,47.84,
"2017-09-11 00:00:00",88.59,,,,,
"2017-09-10 08:46:04",89.54,19.50,3.46,66.57,48.03,
"2017-09-10 00:00:00",89.54,,,,,
"2017-09-09 00:00:00",89.01,18.03,,,,
"2017-09-08 07:22:19",88.49,18.88,3.44,66.16,47.69,
"2017-09-08 00:00:00",88.49,18.87,,,,
"2017-09-07 07:23:31",87.55,18.33,3.42,65.78,47.37,
"2017-09-07 00:00:00",87.55,18.32,,,,
"2017-09-06 07:17:06",87.33,18.08,3.42,65.81,47.38,
"2017-09-06 00:00:00",87.33,,,,,
"2017-09-05 07:03:16",88.65,17.95,3.49,67.19,48.45,
"2017-09-05 00:00:00",88.65,,,,,
"2017-09-04 07:23:25",88.52,18.19,3.47,66.84,48.18,
"2017-09-04 00:00:00",88.52,,,,,
"2017-09-03 08:18:57",87.90,17.62,3.47,66.79,48.13,
"2017-09-03 00:00:00",87.90,,,,,
"2017-09-02 07:59:10",87.23,17.20,3.46,66.55,47.94,
"2017-09-02 00:00:00",87.23,17.19,,,,
"2017-09-01 07:24:13",86.44,17.32,3.41,65.69,47.27,
"2017-09-01 00:00:00",86.44,17.31,,,,
"2017-08-31 07:16:58",87.14,17.50,3.44,66.18,47.66,
"2017-08-31 00:00:00",87.14,17.50,,,,
"2017-08-30 07:23:24",87.23,17.56,3.44,66.21,47.68,
"2017-08-30 00:00:00",87.23,17.55,,,,
"2017-08-29 07:23:31",87.49,17.29,3.47,66.72,48.07,
"2017-08-29 00:00:00",87.49,,,,,
"2017-08-28 08:38:03",88.06,17.92,3.46,66.67,48.04,
"2017-08-28 00:00:00",88.06,,,,,
"2017-08-27 07:03:03",88.04,17.86,3.47,66.70,48.07,
"2017-08-27 00:00:00",88.04,17.86,,,,
"2017-08-26 00:00:00",87.74,17.56,,,,
"2017-08-25 07:44:02",87.44,17.26,3.47,66.70,48.06,
"2017-08-25 00:00:00",87.44,17.25,,,,
"2017-08-24 07:23:08",87.82,17.84,3.46,66.51,47.91,
"2017-08-24 00:00:00",87.82,17.84,,,,
"2017-08-23 07:23:06",86.76,17.63,3.41,65.69,47.28,
"2017-08-23 00:00:00",86.76,,,,,
"2017-08-22 07:08:09",86.64,17.42,3.42,65.79,47.35,
"2017-08-22 00:00:00",86.64,17.42,,,,
"2017-08-21 07:22:10",87.39,17.86,3.43,66.09,47.59,
"2017-08-21 00:00:00",87.39,,,,,
"2017-08-20 08:27:34",87.86,18.24,3.44,66.17,47.67,
"2017-08-20 00:00:00",87.86,,,,,
"2017-08-19 07:26:56",87.18,16.86,3.48,66.83,48.17,
"2017-08-19 00:00:00",87.18,16.85,,,,
"2017-08-18 00:00:00",86.91,16.96,,,,
"2017-08-17 07:23:21",86.63,17.05,3.44,66.13,47.61,
"2017-08-17 00:00:00",86.63,,,,,
"2017-08-16 07:16:48",85.78,17.66,3.37,64.74,46.55,
"2017-08-16 00:00:00",85.78,17.65,,,,
"2017-08-15 07:24:35",86.89,17.58,3.42,65.87,47.42,
"2017-08-15 00:00:00",86.89,,,,,
"2017-08-14 07:22:30",87.04,17.38,3.44,66.21,47.68,
"2017-08-14 00:00:00",87.04,,,,,
"2017-08-13 08:06:27",87.60,17.49,3.46,66.63,48.00,
"2017-08-13 00:00:00",87.60,17.48,,,,
"2017-08-12 08:40:20",87.15,16.65,3.49,67.00,48.31,
"2017-08-12 00:00:00",87.15,,,,,
"2017-08-11 07:23:11",86.11,16.78,3.43,65.89,47.42,
"2017-08-11 00:00:00",86.11,,,,,
"2017-08-10 06:44:54",85.62,16.86,3.40,65.34,46.99,
"2017-08-10 00:00:00",85.62,16.86,,,,
"2017-08-09 07:23:41",85.82,17.47,3.38,64.95,46.70,
"2017-08-09 00:00:00",85.82,,,,,
"2017-08-08 07:23:49",86.43,17.69,3.40,65.32,47.00,
"2017-08-08 00:00:00",86.43,,,,,
"2017-08-07 07:22:59",86.05,17.55,3.38,65.10,46.82,
"2017-08-07 00:00:00",86.05,,,,,
"2017-08-06 00:00:00",85.65,,,,,
"2017-08-05 07:45:04",85.26,16.53,3.40,65.31,46.96,
"2017-08-05 00:00:00",85.26,16.52,,,,
"2017-08-04 07:33:04",85.28,16.75,3.39,65.12,46.82,
"2017-08-04 00:00:00",85.28,13.69,,,,
"2017-08-03 07:32:27",85.31,16.56,3.40,65.33,46.98,
"2017-08-03 00:00:00",85.31,15.10,,,,
"2017-08-02 07:24:56",85.56,16.99,3.39,65.16,46.85,
"2017-08-02 00:00:00",85.56,15.14,,,,
"2017-08-01 07:32:26",85.82,17.81,3.36,64.63,46.47,
"2017-08-01 00:00:00",85.82,,,,,
"2017-07-31 07:33:20",86.52,17.54,3.41,65.56,47.17,
"2017-07-31 00:00:00",86.52,,,,,
"2017-07-30 00:00:00",86.38,,,,,
"2017-07-29 09:04:03",86.25,16.48,3.45,66.30,47.75,
"2017-07-29 00:00:00",86.25,,,,,
"2017-07-28 07:32:22",85.40,16.33,3.41,65.63,47.22,
"2017-07-28 00:00:00",85.40,16.34,,,,
"2017-07-27 07:33:00",84.21,17.06,3.32,63.82,45.81,
"2017-07-27 00:00:00",84.21,,,,,
"2017-07-26 07:22:20",84.04,16.30,3.35,64.38,46.22,
"2017-07-26 00:00:00",84.04,,,,,
"2017-07-25 07:28:24",85.00,17.31,3.35,64.34,46.22,
"2017-07-25 00:00:00",85.00,,,,,
"2017-07-24 07:33:07",85.21,16.67,3.39,65.14,46.83,
"2017-07-24 00:00:00",85.21,,,,,
"2017-07-23 08:28:59",85.73,16.52,3.42,65.78,47.33,
"2017-07-23 00:00:00",85.73,16.52,,,,
"2017-07-22 08:39:46",85.84,16.08,3.45,66.29,47.75,
"2017-07-22 00:00:00",85.84,,,,,
"2017-07-21 07:33:07",84.54,16.20,3.38,64.94,46.67,
"2017-07-21 00:00:00",84.54,14.79,,,,
"2017-07-20 07:23:06",84.62,16.01,3.39,65.20,46.88,
"2017-07-20 00:00:00",84.62,16.01,,,,
"2017-07-19 07:34:17",85.15,16.29,3.40,65.44,47.06,
"2017-07-19 00:00:00",85.15,15.07,,,,
"2017-07-18 07:33:27",84.85,16.58,3.37,64.88,46.62,
"2017-07-18 00:00:00",84.85,,,,,
"2017-07-17 07:32:59",84.80,16.92,3.36,64.52,46.35,
"2017-07-17 00:00:00",84.80,16.92,,,,
"2017-07-16 08:34:43",85.96,17.14,3.40,65.40,47.04,
"2017-07-16 00:00:00",85.96,17.14,,,,
"2017-07-15 08:21:38",86.10,17.03,3.41,65.64,47.23,
"2017-07-15 00:00:00",86.10,,,,,
"2017-07-14 07:32:11",85.93,16.01,3.46,66.44,47.88,
"2017-07-14 00:00:00",85.93,16.01,,,,
"2017-07-13 07:34:10",84.45,16.38,3.37,64.69,46.47,
"2017-07-13 00:00:00",84.45,16.37,,,,
"2017-07-12 07:32:21",84.32,16.08,3.37,64.85,46.60,
"2017-07-12 00:00:00",84.32,16.09,,,,
"2017-07-11 07:13:42",84.75,16.13,3.39,65.21,46.89,
"2017-07-11 00:00:00",84.75,16.14,,,,
"2017-07-10 07:32:57",84.92,16.66,3.37,64.87,46.62,
"2017-07-10 00:00:00",84.92,15.34,,,,
"2017-07-09 09:10:08",85.41,17.13,3.37,64.89,46.65,
"2017-07-09 00:00:00",85.41,17.13,,,,
"2017-07-08 08:17:42",84.66,15.78,3.41,65.45,47.09,
"2017-07-08 00:00:00",84.66,15.79,,,,
"2017-07-07 07:32:38",84.42,16.06,3.38,64.96,46.68,
"2017-07-07 00:00:00",84.42,16.07,,,,
"2017-07-06 07:33:37",84.99,,,,,
"2017-07-06 00:00:00",84.99,,,,,
"2017-07-05 07:32:14",85.28,16.45,3.40,65.41,47.04,
"2017-07-05 00:00:00",85.28,16.46,,,,
"2017-07-04 07:32:27",85.23,16.50,3.40,65.32,46.97,
"2017-07-04 00:00:00",85.23,14.72,,,,
"2017-07-03 07:33:48",84.87,17.20,3.35,64.31,46.20,
"2017-07-03 00:00:00",84.87,,,,,
"2017-07-02 08:04:40",84.50,16.45,3.36,64.67,46.46,
"2017-07-02 00:00:00",84.50,,,,,
"2017-07-01 08:17:22",84.90,15.41,3.44,66.03,47.58,
"2017-07-01 00:00:00",84.90,,,,,
"2017-06-30 07:32:00",83.62,14.82,3.41,65.38,47.07,
"2017-06-30 00:00:00",83.62,14.83,,,,
"2017-06-29 07:34:25",84.21,16.56,3.34,64.29,46.16,
"2017-06-29 00:00:00",84.21,16.39,,,,
"2017-06-28 07:32:35",83.84,16.19,3.35,64.30,46.16,
"2017-06-28 00:00:00",83.84,16.19,,,,
"2017-06-27 07:35:10",84.66,16.19,3.39,65.07,46.77,
"2017-06-27 00:00:00",84.66,13.71,,,,
"2017-06-26 07:33:37",84.68,15.96,3.40,65.31,46.96,
"2017-06-26 00:00:00",84.68,15.96,,,,
"2017-06-25 08:40:03",84.63,16.54,3.37,64.71,46.49,
"2017-06-25 00:00:00",84.63,16.55,,,,
"2017-06-24 08:38:07",84.35,15.94,3.38,65.01,46.73,
"2017-06-24 00:00:00",84.35,12.47,,,,
"2017-06-23 07:14:20",83.25,16.04,3.32,63.87,45.81,
"2017-06-23 00:00:00",83.25,16.04,,,,
"2017-06-22 07:34:07",83.43,16.02,3.33,64.07,45.97,
"2017-06-22 00:00:00",83.43,,,,,
"2017-06-21 07:34:03",83.79,16.31,3.34,64.13,46.03,
"2017-06-21 00:00:00",83.79,,,,,
"2017-06-20 07:33:33",84.58,16.50,3.37,64.70,46.48,
"2017-06-20 00:00:00",84.58,16.50,,,,
"2017-06-19 07:11:16",84.68,16.29,3.38,65.00,46.72,
"2017-06-19 00:00:00",84.68,16.28,,,,
"2017-06-18 08:09:26",85.16,16.37,3.40,65.37,47.02,
"2017-06-18 00:00:00",85.16,16.37,,,,
"2017-06-17 07:03:52",84.17,16.21,3.36,64.58,46.38,
"2017-06-17 00:00:00",84.17,12.70,,,,
"2017-06-16 07:33:21",84.07,16.47,3.34,64.25,46.12,
"2017-06-16 00:00:00",84.07,16.47,,,,
"2017-06-15 07:32:27",84.45,16.53,3.36,64.55,46.36,
"2017-06-15 00:00:00",84.45,16.54,,,,
"2017-06-14 07:33:12",84.60,16.35,3.37,64.86,46.60,
"2017-06-14 00:00:00",84.60,,,,,
"2017-06-13 07:32:43",85.83,16.57,3.42,65.82,47.36,
"2017-06-13 00:00:00",85.83,16.57,,,,
"2017-06-12 07:42:21",86.48,16.89,3.44,66.14,47.62,
"2017-06-12 07:32:26",87.19,17.78,3.43,65.96,47.50,
"2017-06-12 00:00:00",86.48,16.89,,,,
"2017-06-11 00:00:00",86.30,14.10,,,,
"2017-06-10 00:00:00",86.11,,,,,
"2017-06-09 00:00:00",85.93,14.43,,,,
"2017-06-08 00:00:00",85.74,,,,,
"2017-06-07 00:00:00",85.55,14.93,,,,
"2017-06-06 00:00:00",85.37,16.17,,,,
"2017-06-05 07:42:19",85.18,16.04,3.42,65.71,47.29,
"2017-06-05 00:00:00",85.18,16.05,,,,
"2017-06-04 00:00:00",84.74,15.75,,,,
"2017-06-03 00:00:00",84.31,,,,,
"2017-06-02 07:41:42",83.87,15.17,3.40,65.28,46.97,
"2017-06-02 00:00:00",83.87,15.18,,,,
"2017-06-01 07:30:57",83.80,17.01,3.30,63.47,45.54,
"2017-06-01 00:00:00",83.80,17.02,,,,
"2017-05-31 00:00:00",84.05,,,,,
"2017-05-30 00:00:00",84.29,,,,,
"2017-05-29 00:00:00",84.54,13.98,,,,
"2017-05-28 00:00:00",84.78,,,,,
"2017-05-27 16:05:36",85.03,11.93,3.69,69.39,51.23,
"2017-05-27 00:00:00",85.03,,,,,
"2017-05-26 00:00:00",84.82,10.93,,,,
"2017-05-25 00:00:00",84.62,,,,,
"2017-05-24 00:00:00",84.42,,,,,
"2017-05-23 00:00:00",84.21,,,,,
"2017-05-22 00:00:00",84.01,,,,,
"2017-05-21 00:00:00",83.81,14.25,,,,
"2017-05-20 00:00:00",83.61,,,,,
"2017-05-19 00:00:00",83.41,15.00,,,,
"2017-05-18 00:00:00",83.20,15.38,,,,
"2017-05-17 07:41:05",83.00,15.75,3.33,63.91,45.85,
"2017-05-17 00:00:00",83.00,15.75,,,,
"2017-05-16 08:53:49",83.21,15.59,3.34,64.27,46.14,
"2017-05-16 00:00:00",83.21,15.59,,,,
"2017-05-15 07:42:05",83.38,15.97,3.33,64.06,45.97,
"2017-05-15 00:00:00",83.38,15.97,,,,
"2017-05-14 00:00:00",83.50,16.00,,,,
"2017-05-13 00:00:00",83.61,10.10,,,,
"2017-05-12 00:00:00",83.73,11.35,,,,
"2017-05-11 00:00:00",83.85,16.09,,,,
"2017-05-10 00:00:00",83.97,,,,,
"2017-05-09 07:42:33",84.09,16.15,3.36,64.56,46.37,
"2017-05-09 00:00:00",84.08,,,,,
"2017-05-08 07:43:36",83.78,16.25,3.34,64.18,46.07,
"2017-05-08 00:00:00",83.78,16.25,,,,
"2017-05-07 09:29:01",83.54,15.85,3.35,64.33,46.18,
"2017-05-07 00:00:00",83.54,15.85,,,,
"2017-05-06 08:59:46",84.68,16.44,3.37,64.85,46.60,
"2017-05-06 00:00:00",84.68,16.44,,,,
"2017-05-05 07:01:33",84.97,,,,,
"2017-05-05 00:00:00",84.97,,,,,
"2017-05-04 07:46:55",84.60,15.90,3.40,65.29,46.96,
"2017-05-04 00:00:00",84.60,15.90,,,,
"2017-05-03 00:00:00",84.46,15.84,,,,
"2017-05-02 00:00:00",84.34,15.79,,,,
"2017-05-01 00:00:00",84.21,,,,,
"2017-04-30 00:00:00",84.08,15.68,,,,
"2017-04-29 00:00:00",83.95,,,,,
"2017-04-28 00:00:00",83.82,,,,,
"2017-04-27 00:00:00",83.70,14.50,,,,
"2017-04-26 00:00:00",83.57,14.19,,,,
"2017-04-25 00:00:00",83.44,15.43,,,,
"2017-04-24 00:00:00",83.31,15.37,,,,
"2017-04-23 00:00:00",83.18,15.32,,,,
"2017-04-22 00:00:00",83.06,15.27,,,,
"2017-04-21 00:00:00",82.93,,,,,
"2017-04-20 00:00:00",82.80,15.17,,,,
"2017-04-19 00:00:00",82.76,10.43,,,,
"2017-04-18 00:00:00",82.74,,,,,
"2017-04-17 00:00:00",82.73,15.07,,,,
"2017-04-16 00:00:00",82.71,,,,,
"2017-04-15 00:00:00",82.69,15.02,,,,
"2017-04-14 00:00:00",82.68,,,,,
"2017-04-13 00:00:00",82.66,,,,,
"2017-04-12 00:00:00",82.65,,,,,
"2017-04-11 00:00:00",82.63,14.90,,,,
"2017-04-10 00:00:00",82.62,14.86,,,,
"2017-04-09 00:00:00",82.60,14.83,,,,
"2017-04-08 00:00:00",82.58,,,,,
"2017-04-07 00:00:00",82.57,13.08,,,,
"2017-04-06 00:00:00",82.55,14.74,,,,
"2017-04-05 00:00:00",82.54,,,,,
"2017-04-04 00:00:00",82.52,14.68,,,,
"2017-04-03 00:00:00",82.50,,,,,
"2017-04-02 00:00:00",82.49,14.62,,,,
"2017-04-01 00:00:00",82.47,,,,,
"2017-03-31 00:00:00",82.46,,,,,
"2017-03-30 00:00:00",82.44,14.53,,,,
"2017-03-29 00:00:00",82.42,,,,,
"2017-03-28 00:00:00",82.41,14.47,,,,
"2017-03-27 00:00:00",82.39,14.44,,,,
"2017-03-26 00:00:00",82.38,14.58,,,,
"2017-03-25 00:00:00",82.36,11.71,,,,
"2017-03-24 00:00:00",82.34,14.35,,,,
"2017-03-23 00:00:00",82.33,,,,,
"2017-03-22 00:00:00",82.31,13.53,,,,
"2017-03-21 00:00:00",82.30,,,,,
"2017-03-20 00:00:00",82.28,14.23,,,,
"2017-03-19 00:00:00",82.26,14.21,,,,
"2017-03-18 00:00:00",82.25,12.31,,,,
"2017-03-17 00:00:00",82.23,,,,,
"2017-03-16 00:00:00",82.22,14.12,,,,
"2017-03-15 00:00:00",82.20,14.08,,,,
"2017-03-14 00:00:00",82.18,14.05,,,,
"2017-03-13 00:00:00",82.17,14.21,,,,
"2017-03-12 00:00:00",82.15,14.00,,,,
"2017-03-11 00:00:00",82.14,13.96,,,,
"2017-03-10 00:00:00",82.12,14.54,,,,
"2017-03-09 00:00:00",82.10,,,,,
"2017-03-08 00:00:00",82.09,,,,,
"2017-03-07 00:00:00",82.07,13.85,,,,
"2017-03-06 00:00:00",82.06,,,,,
"2017-03-05 07:42:34",82.04,13.78,3.38,64.86,46.73,
"2017-03-05 00:00:00",82.04,13.78,,,,
"2017-03-04 00:00:00",82.10,,,,,
"2017-03-03 00:00:00",82.14,13.85,,,,
"2017-03-02 00:00:00",82.18,13.86,,,,
"2017-03-01 00:00:00",82.22,13.89,,,,
"2017-02-28 00:00:00",82.26,13.91,,,,
"2017-02-27 00:00:00",82.30,13.92,,,,
"2017-02-26 00:00:00",82.33,13.95,,,,
"2017-02-25 00:00:00",82.38,14.03,,,,
"2017-02-24 00:00:00",82.42,,,,,
"2017-02-23 00:00:00",82.46,14.01,,,,
"2017-02-22 00:00:00",82.50,11.55,,,,
"2017-02-21 00:00:00",82.54,,,,,
"2017-02-20 00:00:00",82.58,14.07,,,,
"2017-02-19 00:00:00",82.62,,,,,
"2017-02-18 00:00:00",82.66,14.12,,,,
"2017-02-17 00:00:00",82.69,14.64,,,,
"2017-02-16 00:00:00",82.74,14.16,,,,
"2017-02-15 00:00:00",82.78,14.18,,,,
"2017-02-14 00:00:00",82.82,14.19,,,,
"2017-02-13 07:03:37",82.86,14.21,3.40,65.23,47.00,
"2017-02-13 00:00:00",82.86,14.22,,,,
"2017-02-12 00:00:00",82.78,14.23,,,,
"2017-02-11 00:00:00",82.70,14.23,,,,
"2017-02-10 00:00:00",82.63,14.63,,,,
"2017-02-09 00:00:00",82.56,14.24,,,,
"2017-02-08 00:00:00",82.48,,,,,
"2017-02-07 00:00:00",82.41,,,,,
"2017-02-06 07:05:53",82.33,14.25,3.37,64.69,46.54,
"2017-02-06 00:00:00",82.33,14.57,,,,
"2017-02-05 00:00:00",82.23,,,,,
"2017-02-04 00:00:00",82.14,13.84,,,,
"2017-02-03 00:00:00",82.04,,,,,
"2017-02-02 00:00:00",81.94,13.42,,,,
"2017-02-01 00:00:00",81.84,,,,,
"2017-01-31 07:04:57",81.74,13.01,3.41,65.30,47.22,
"2017-01-31 00:00:00",81.74,,,,,
"2017-01-30 00:00:00",81.63,13.00,,,,
"2017-01-29 00:00:00",81.53,12.99,,,,
"2017-01-28 00:00:00",81.42,,,,,
"2017-01-27 00:00:00",81.32,12.96,,,,
"2017-01-26 00:00:00",81.21,12.95,,,,
"2017-01-25 00:00:00",81.11,,,,,
"2017-01-24 00:00:00",81.01,12.93,,,,
"2017-01-23 00:00:00",80.90,12.91,,,,
"2017-01-22 00:00:00",80.80,,,,,
"2017-01-21 00:00:00",80.69,11.14,,,,
"2017-01-20 07:05:52",80.59,12.87,3.36,64.34,46.39,
"2017-01-20 00:00:00",80.59,12.87,,,,
"2017-01-19 00:00:00",80.64,12.99,,,,
"2017-01-18 00:00:00",80.68,13.09,,,,
"2017-01-17 00:00:00",80.72,13.21,,,,
"2017-01-16 00:00:00",80.77,13.31,,,,
"2017-01-15 00:00:00",80.82,13.42,,,,
"2017-01-14 00:00:00",80.86,13.53,,,,
"2017-01-13 00:00:00",80.91,13.64,,,,
"2017-01-12 00:00:00",80.95,,,,,
"2017-01-11 07:03:50",81.00,13.85,3.33,63.81,45.83,
"2017-01-11 00:00:00",81.00,13.86,,,,
"2017-01-10 07:04:57",80.60,12.98,3.36,64.26,46.31,
"2017-01-10 00:00:00",80.60,12.98,,,,
"2017-01-09 07:04:03",81.48,13.52,3.37,64.58,46.51,
"2017-01-09 00:00:00",81.48,,,,,
"2017-01-08 00:00:00",81.19,,,,,
"2017-01-07 00:00:00",80.90,,,,,
"2017-01-06 00:00:00",80.61,,,,,
"2017-01-05 07:04:49",80.31,12.90,3.34,64.05,46.14,
"2017-01-05 00:00:00",80.31,9.81,,,,
"2017-01-04 07:05:18",81.30,13.62,3.35,64.31,46.28,
"2017-01-04 00:00:00",81.30,13.56,,,,
"2017-01-03 00:00:00",81.21,13.58,,,,
"2017-01-02 00:00:00",81.12,12.27,,,,
"2017-01-01 00:00:00",81.04,,,,,
"2016-12-31 00:00:00",80.95,13.48,,,,
"2016-12-30 00:00:00",80.87,13.45,,,,
"2016-12-29 00:00:00",80.78,13.42,,,,
"2016-12-28 00:00:00",80.69,13.38,,,,
"2016-12-27 00:00:00",80.61,13.35,,,,
"2016-12-26 00:00:00",80.53,13.31,,,,
"2016-12-25 00:00:00",80.44,14.24,,,,
"2016-12-24 00:00:00",80.36,13.24,,,,
"2016-12-23 00:00:00",80.27,13.21,,,,
"2016-12-22 00:00:00",80.19,,,,,
"2016-12-21 00:00:00",80.10,,,,,
"2016-12-20 00:00:00",80.02,,,,,
"2016-12-19 00:00:00",79.93,13.82,,,,
"2016-12-18 00:00:00",79.85,13.05,,,,
"2016-12-17 00:00:00",79.76,13.02,,,,
"2016-12-16 00:00:00",79.68,,,,,
"2016-12-15 07:17:10",79.59,12.95,3.30,63.32,45.50,
"2016-12-15 00:00:00",79.59,,,,,
"2016-12-14 00:00:00",79.52,,,,,
"2016-12-13 00:00:00",79.44,,,,,
"2016-12-12 00:00:00",79.37,,,,,
"2016-12-11 00:00:00",79.29,,,,,
"2016-12-10 00:00:00",79.22,12.04,,,,
"2016-12-09 00:00:00",79.15,11.86,,,,
"2016-12-08 00:00:00",79.07,11.68,,,,
"2016-12-07 00:00:00",79.00,,,,,
"2016-12-06 00:00:00",78.92,,,,,
"2016-12-05 00:00:00",78.85,11.14,,,,
"2016-12-04 00:00:00",78.78,10.96,,,,
"2016-12-03 08:54:00",78.70,10.77,3.39,64.52,47.03,
"2016-12-03 00:00:00",78.70,10.78,,,,
"2016-12-02 00:00:00",78.75,,,,,
"2016-12-01 00:00:00",78.78,10.89,,,,
"2016-11-30 00:00:00",78.81,13.95,,,,
"2016-11-29 00:00:00",78.84,,,,,
"2016-11-28 00:00:00",78.87,11.03,,,,
"2016-11-27 00:00:00",78.89,,,,,
"2016-11-26 00:00:00",78.92,13.89,,,,
"2016-11-25 00:00:00",78.95,11.18,,,,
"2016-11-24 00:00:00",78.98,,,,,
"2016-11-23 00:00:00",79.01,11.28,,,,
"2016-11-22 00:00:00",79.03,,,,,
"2016-11-21 00:00:00",79.06,,,,,
"2016-11-20 00:00:00",79.09,11.43,,,,
"2016-11-19 00:00:00",79.12,,,,,
"2016-11-18 00:00:00",79.15,11.52,,,,
"2016-11-17 00:00:00",79.17,11.58,,,,
"2016-11-16 00:00:00",79.20,11.63,,,,
"2016-11-15 00:00:00",79.23,11.67,,,,
"2016-11-14 00:00:00",79.26,11.72,,,,
"2016-11-13 00:00:00",79.29,10.91,,,,
"2016-11-12 00:00:00",79.31,,,,,
"2016-11-11 00:00:00",79.34,11.87,,,,
"2016-11-10 00:00:00",79.37,11.92,,,,
"2016-11-09 00:00:00",79.40,11.97,,,,
"2016-11-08 00:00:00",79.43,,,,,
"2016-11-07 00:00:00",79.45,12.07,,,,
"2016-11-06 00:00:00",79.48,,,,,
"2016-11-05 00:00:00",79.51,12.17,,,,
"2016-11-04 00:00:00",79.54,12.22,,,,
"2016-11-03 00:00:00",79.57,14.23,,,,
"2016-11-02 00:00:00",79.59,,,,,
"2016-11-01 08:26:17",79.62,12.37,3.34,63.90,46.08,
"2016-11-01 00:00:00",79.62,12.37,,,,
"2016-10-31 07:38:52",79.82,12.51,3.34,63.95,46.11,
"2016-10-31 00:00:00",79.82,12.51,,,,
"2016-10-30 08:06:37",80.66,12.10,3.41,65.14,47.24,
"2016-10-30 00:00:00",80.66,11.45,,,,
"2016-10-29 00:00:00",79.94,11.94,,,,
"2016-10-28 08:47:10",79.22,11.76,3.35,64.09,46.37,
"2016-10-28 00:00:00",79.22,,,,,
"2016-10-27 09:01:01",78.97,11.55,3.35,64.05,46.38,
"2016-10-27 00:00:00",78.97,11.55,,,,
"2016-10-26 08:51:55",80.02,12.40,3.36,64.25,46.39,
"2016-10-26 00:00:00",80.02,12.40,,,,
"2016-10-25 07:05:03",80.09,11.56,3.42,65.09,47.33,
"2016-10-25 00:00:00",80.09,11.57,,,,
"2016-10-24 07:08:38",79.80,11.04,3.44,65.31,47.69,
"2016-10-24 00:00:00",79.80,11.04,,,,
"2016-10-23 00:00:00",79.24,11.52,,,,
"2016-10-22 09:27:31",78.68,11.98,3.31,63.37,45.68,
"2016-10-22 00:00:00",78.68,11.99,,,,
"2016-10-21 07:06:06",78.23,11.49,3.32,63.40,45.79,
"2016-10-21 00:00:00",78.22,11.50,,,,
"2016-10-20 07:06:22",77.80,11.39,3.30,63.09,45.53,
"2016-10-20 00:00:00",77.80,11.40,,,,
"2016-10-19 07:05:27",77.39,11.39,3.28,62.71,45.18,
"2016-10-19 00:00:00",77.39,11.40,,,,
"2016-10-18 07:03:42",78.97,12.03,3.32,63.60,45.87,
"2016-10-18 00:00:00",78.97,12.03,,,,
"2016-10-17 07:05:09",79.45,11.34,3.40,64.70,47.03,
"2016-10-17 00:00:00",79.45,,,,,
"2016-10-16 08:12:23",80.35,11.58,3.43,65.33,47.55,
"2016-10-16 00:00:00",80.35,,,,,
"2016-10-15 08:46:59",79.94,11.81,3.39,64.72,46.93,
"2016-10-15 00:00:00",79.94,,,,,
"2016-10-14 00:00:00",79.82,11.57,,,,
"2016-10-13 07:05:28",79.70,11.32,3.41,64.96,47.28,
"2016-10-13 00:00:00",79.70,11.32,,,,
"2016-10-12 00:00:00",79.59,11.49,,,,
"2016-10-11 00:00:00",79.48,,,,,
"2016-10-10 07:05:52",79.36,11.84,3.36,64.15,46.40,
"2016-10-10 00:00:00",79.36,11.85,,,,
"2016-10-09 09:28:55",79.00,11.89,3.33,63.76,46.04,
"2016-10-09 00:00:00",79.00,,,,,
"2016-10-08 07:04:00",78.75,11.48,3.35,63.90,46.25,
"2016-10-08 00:00:00",78.75,,,,,
"2016-10-07 07:04:11",77.70,11.72,3.28,62.68,45.10,
"2016-10-07 00:00:00",77.69,,,,,
"2016-10-06 07:04:26",77.52,11.05,3.31,63.15,45.66,
"2016-10-06 00:00:00",77.52,11.05,,,,
"2016-10-05 07:05:12",77.91,11.06,3.33,63.50,45.99,
"2016-10-05 00:00:00",77.91,11.06,,,,
"2016-10-04 07:03:58",78.47,11.82,3.31,63.32,45.66,
"2016-10-04 00:00:00",78.47,,,,,
"2016-10-03 07:04:06",78.84,11.95,3.32,63.55,45.84,
"2016-10-03 00:00:00",78.84,11.95,,,,
"2016-10-02 08:40:41",79.09,11.84,3.34,63.89,46.17,
"2016-10-02 00:00:00",79.09,,,,,
"2016-10-01 08:32:26",78.17,11.22,3.33,63.61,46.05,
"2016-10-01 00:00:00",78.17,11.22,,,,
"2016-09-30 07:04:07",77.28,11.62,3.26,62.38,44.85,
"2016-09-30 00:00:00",77.28,,,,,
"2016-09-29 07:04:20",77.68,11.23,3.30,63.13,45.60,
"2016-09-29 00:00:00",77.68,11.23,,,,
"2016-09-28 07:06:42",77.54,11.09,3.31,63.13,45.63,
"2016-09-28 00:00:00",77.54,,,,,
"2016-09-27 07:04:05",77.61,11.01,3.31,63.27,45.78,
"2016-09-27 00:00:00",77.61,,,,,
"2016-09-26 07:04:56",78.94,11.37,3.36,64.19,46.55,
"2016-09-26 00:00:00",78.94,11.37,,,,
"2016-09-25 09:48:14",79.07,11.93,3.34,63.79,46.06,
"2016-09-25 00:00:00",79.07,,,,,
"2016-09-24 08:28:50",76.65,11.41,3.24,61.99,44.52,
"2016-09-24 00:00:00",76.65,11.41,,,,
"2016-09-23 07:04:04",76.20,11.43,3.21,61.53,44.11,
"2016-09-23 00:00:00",76.20,11.44,,,,
"2016-09-22 07:04:21",76.75,11.03,3.27,62.44,45.01,
"2016-09-22 00:00:00",76.75,11.04,,,,
"2016-09-21 07:03:27",77.15,11.18,3.28,62.67,45.19,
"2016-09-21 00:00:00",77.15,11.19,,,,
"2016-09-20 07:05:38",77.67,11.16,3.31,63.19,45.67,
"2016-09-20 00:00:00",77.67,11.16,,,,
"2016-09-19 07:04:12",77.89,10.89,3.34,63.64,46.17,
"2016-09-19 00:00:00",77.89,10.90,,,,
"2016-09-18 07:04:10",79.15,11.36,3.38,64.40,46.75,
"2016-09-18 00:00:00",79.15,11.37,,,,
"2016-09-17 07:02:41",78.91,11.25,3.37,64.27,46.66,
"2016-09-17 00:00:00",78.91,,,,,
"2016-09-16 07:07:11",78.95,10.86,3.40,64.67,47.15,
"2016-09-16 00:00:00",78.95,,,,,
"2016-09-15 07:04:22",80.14,11.42,3.43,65.28,47.55,
"2016-09-15 00:00:00",80.14,11.43,,,,
"2016-09-14 07:04:55",79.14,11.58,3.36,64.19,46.50,
"2016-09-14 00:00:00",79.14,11.58,,,,
"2016-09-13 07:03:18",79.04,11.46,3.36,64.21,46.55,
"2016-09-13 00:00:00",79.04,11.46,,,,
"2016-09-12 07:20:26",78.25,11.71,3.31,63.21,45.58,
"2016-09-12 00:00:00",78.25,11.71,,,,
"2016-09-11 07:51:54",77.74,12.28,3.25,62.19,44.59,
"2016-09-11 00:00:00",77.74,12.29,,,,
"2016-09-10 07:03:36",77.66,10.52,3.35,63.77,46.40,
"2016-09-10 00:00:00",77.66,,,,,
"2016-09-09 07:03:11",76.73,10.22,3.32,63.18,45.93,
"2016-09-09 00:00:00",76.73,10.22,,,,
"2016-09-08 07:04:26",77.83,10.95,3.33,63.53,46.05,
"2016-09-08 00:00:00",77.83,,,,,
"2016-09-07 08:09:07",77.57,11.43,3.29,62.84,45.30,
"2016-09-07 00:00:00",77.57,11.43,,,,
"2016-09-06 08:28:53",77.97,10.91,3.34,63.71,46.22,
"2016-09-06 00:00:00",77.97,,,,,
"2016-09-05 07:41:13",77.96,11.12,3.33,63.51,45.98,
"2016-09-05 00:00:00",77.96,11.12,,,,
"2016-09-04 10:21:58",77.67,11.91,3.26,62.48,44.89,
"2016-09-04 00:00:00",77.67,,,,,
"2016-09-03 08:41:52",77.83,11.31,3.31,63.20,45.65,
"2016-09-03 00:00:00",77.83,11.32,,,,
"2016-09-02 10:53:33",77.51,10.14,3.37,63.99,46.73,
"2016-09-02 00:00:00",77.51,10.15,,,,
"2016-09-01 00:00:00",77.61,10.30,,,,
"2016-08-31 00:00:00",77.69,,,,,
"2016-08-30 00:00:00",77.78,,,,,
"2016-08-29 00:00:00",77.87,,,,,
"2016-08-28 00:00:00",77.96,10.89,,,,
"2016-08-27 08:12:53",78.05,11.04,3.34,63.66,46.13,
"2016-08-27 00:00:00",78.05,11.04,,,,
"2016-08-26 08:24:21",77.32,10.63,3.32,63.35,45.96,
"2016-08-26 00:00:00",77.32,10.63,,,,
"2016-08-25 08:24:37",77.74,10.48,3.36,63.89,46.52,
"2016-08-25 00:00:00",77.74,13.76,,,,
"2016-08-24 07:04:08",78.26,10.83,3.36,64.06,46.58,
"2016-08-24 00:00:00",78.26,,,,,
"2016-08-23 07:03:46",77.80,10.08,3.39,64.31,47.07,
"2016-08-23 00:00:00",77.80,,,,,
"2016-08-22 07:05:11",77.70,10.28,3.37,64.04,46.74,
"2016-08-22 00:00:00",77.70,,,,,
"2016-08-21 08:38:19",77.51,10.47,3.34,63.68,46.32,
"2016-08-21 00:00:00",77.51,,,,,
"2016-08-20 08:08:41",76.80,10.49,3.30,63.00,45.67,
"2016-08-20 00:00:00",76.80,,,,,
"2016-08-19 00:00:00",77.30,,,,,
"2016-08-18 07:03:16",77.79,10.19,3.38,64.20,46.92,
"2016-08-18 00:00:00",77.79,10.20,,,,
"2016-08-17 07:03:27",78.43,10.41,3.40,64.60,47.23,
"2016-08-17 00:00:00",78.43,10.42,,,,
"2016-08-16 07:03:26",79.25,10.63,3.43,65.18,47.70,
"2016-08-16 00:00:00",79.25,10.64,,,,
"2016-08-15 07:03:32",78.36,10.09,3.42,64.83,47.57,
"2016-08-15 00:00:00",78.36,,,,,
"2016-08-14 07:03:51",78.92,10.26,3.44,65.20,47.87,
"2016-08-14 00:00:00",78.92,10.27,,,,
"2016-08-13 07:03:11",78.04,9.90,3.42,64.71,47.54,
"2016-08-13 00:00:00",78.04,9.90,,,,
"2016-08-12 07:03:40",77.40,9.51,3.41,64.46,47.47,
"2016-08-12 00:00:00",77.40,9.51,,,,
"2016-08-11 07:03:46",77.48,10.00,3.38,64.09,46.89,
"2016-08-11 00:00:00",77.48,10.00,,,,
"2016-08-10 07:04:07",77.27,10.30,3.34,63.61,46.31,
"2016-08-10 00:00:00",77.27,,,,,
"2016-08-09 07:05:41",77.54,10.27,3.36,63.90,46.60,
"2016-08-09 00:00:00",77.54,10.27,,,,
"2016-08-08 07:04:06",77.21,10.03,3.36,63.80,46.59,
"2016-08-08 00:00:00",77.21,,,,,
"2016-08-07 09:51:59",77.33,10.01,3.37,63.94,46.74,
"2016-08-07 00:00:00",77.33,13.69,,,,
"2016-08-06 08:03:33",76.99,10.32,3.33,63.58,46.03,
"2016-08-06 00:00:00",76.99,10.32,,,,
"2016-08-05 00:00:00",76.50,9.93,,,,
"2016-08-04 07:03:42",76.00,9.53,3.32,63.51,46.12,
"2016-08-04 00:00:00",76.00,9.54,,,,
"2016-08-03 07:03:20",76.17,9.59,3.33,63.62,46.20,
"2016-08-03 00:00:00",76.17,,,,,
"2016-08-02 07:03:30",76.47,9.92,3.32,63.51,46.05,
"2016-08-02 00:00:00",76.47,9.93,,,,
"2016-08-01 07:03:18",76.23,9.68,3.33,63.56,46.14,
"2016-08-01 00:00:00",76.23,9.68,,,,
"2016-07-31 07:03:24",76.79,9.81,3.35,64.05,46.49,
"2016-07-31 00:00:00",76.79,9.81,,,,
"2016-07-30 07:03:04",76.03,10.02,3.29,62.88,45.53,
"2016-07-30 00:00:00",76.03,10.02,,,,
"2016-07-29 07:05:15",75.38,9.77,3.27,62.47,45.24,
"2016-07-29 07:04:46",75.47,9.82,3.27,62.51,45.26,
"2016-07-29 00:00:00",75.38,9.77,,,,
"2016-07-28 07:03:14",76.42,10.26,3.30,63.01,45.59,
"2016-07-28 00:00:00",76.42,10.26,,,,
"2016-07-27 07:03:40",76.79,9.81,3.35,64.05,46.49,
"2016-07-27 00:00:00",76.79,9.81,,,,
"2016-07-26 07:03:43",77.94,10.48,3.37,64.46,46.69,
"2016-07-26 00:00:00",77.94,10.48,,,,
"2016-07-25 07:03:24",77.44,9.35,3.42,65.53,47.73,
"2016-07-25 00:00:00",77.44,,,,,
"2016-07-24 00:00:00",77.69,9.77,,,,
"2016-07-23 07:03:33",77.95,10.19,3.39,64.89,47.08,
"2016-07-23 00:00:00",77.95,10.19,,,,
"2016-07-22 07:04:02",77.31,9.47,3.41,65.19,47.45,
"2016-07-22 00:00:00",77.31,9.47,,,,
"2016-07-21 07:03:34",77.40,9.30,3.43,65.55,47.76,
"2016-07-21 00:00:00",77.40,,,,,
"2016-07-20 08:32:08",77.32,9.41,3.41,65.28,47.53,
"2016-07-20 00:00:00",77.32,9.41,,,,
"2016-07-19 07:03:58",76.63,9.41,3.37,64.44,46.88,
"2016-07-19 00:00:00",76.63,,,,,
"2016-07-18 07:03:04",76.61,9.54,3.36,64.22,46.68,
"2016-07-18 00:00:00",76.61,9.55,,,,
"2016-07-17 09:16:43",77.07,9.98,3.35,64.13,46.52,
"2016-07-17 00:00:00",77.07,9.98,,,,
"2016-07-16 07:05:10",77.28,9.57,3.40,64.99,47.27,
"2016-07-16 00:00:00",77.28,9.57,,,,
"2016-07-15 07:03:42",76.90,9.46,3.38,64.69,47.06,
"2016-07-15 00:00:00",76.90,,,,,
"2016-07-14 07:03:19",77.37,9.55,3.40,65.12,47.38,
"2016-07-14 00:00:00",77.37,,,,,
"2016-07-13 07:02:57",77.62,9.56,3.42,65.42,47.60,
"2016-07-13 00:00:00",77.62,9.56,,,,
"2016-07-12 07:03:13",78.54,9.96,3.44,65.95,47.91,
"2016-07-12 00:00:00",78.54,,,,,
"2016-07-11 07:03:20",76.86,9.98,3.34,63.88,46.33,
"2016-07-11 00:00:00",76.86,9.98,,,,
"2016-07-10 07:04:49",76.42,9.15,3.38,64.57,47.04,
"2016-07-10 00:00:00",76.42,9.16,,,,
"2016-07-09 08:22:39",76.11,9.44,3.34,63.76,46.34,
"2016-07-09 00:00:00",76.11,,,,,
"2016-07-08 06:51:38",75.67,9.21,3.33,63.56,46.24,
"2016-07-08 00:00:00",75.67,,,,,
"2016-07-07 07:02:47",75.67,9.24,3.33,63.52,46.20,
"2016-07-07 00:00:00",75.67,,,,,
"2016-07-06 16:46:29",75.95,8.50,3.40,65.01,47.56,
"2016-07-06 16:45:47",76.23,8.58,3.41,65.24,47.71,
"2016-07-06 16:31:58",76.20,,,,,
"2016-07-06 00:00:00",76.20,12.79,,,,
"2016-07-05 00:00:00",75.80,12.80,,,,
"2016-07-04 00:00:00",75.50,12.68,,,,
"2016-07-03 00:00:00",75.50,,,,,
"2016-07-02 00:00:00",75.10,,,,,
"2016-07-01 00:00:00",75.60,,,,,
"2016-06-30 00:00:00",75.90,,,,,
"2016-06-29 00:00:00",76.30,,,,,
"2016-06-28 00:00:00",76.70,13.58,,,,
"2016-06-27 00:00:00",76.70,13.50,,,,
"2016-06-26 00:00:00",77.00,13.78,,,,
"2016-06-25 00:00:00",76.60,13.40,,,,
"2016-06-24 00:00:00",76.30,13.27,,,,
"2016-06-23 00:00:00",77.20,,,,,
"2016-06-22 00:00:00",77.50,,,,,
"2016-06-21 00:00:00",76.70,13.42,,,,
"2016-06-20 00:00:00",76.90,13.53,,,,
"2016-06-19 00:00:00",76.90,13.53,,,,
"2016-06-18 00:00:00",76.90,,,,,
"2016-06-17 00:00:00",77.60,14.12,,,,
"2016-06-16 00:00:00",77.43,,,,,
"2016-06-15 00:00:00",77.26,13.68,,,,
"2016-06-14 00:00:00",77.10,13.79,,,,
"2016-06-13 00:00:00",76.93,13.69,,,,
"2016-06-12 00:00:00",76.77,,,,,
"2016-06-11 00:00:00",76.60,13.48,,,,
"2016-06-10 00:00:00",76.60,13.56,,,,
"2016-06-09 00:00:00",76.60,13.40,,,,
"2016-06-08 00:00:00",76.60,13.56,,,,
"2016-06-07 00:00:00",76.90,,,,,
"2016-06-06 00:00:00",76.40,,,,,
"2016-06-05 00:00:00",76.70,,,,,
"2016-06-04 00:00:00",76.70,,,,,
"2016-06-03 00:00:00",75.90,12.98,,,,
"2016-06-02 00:00:00",75.90,,,,,
"2016-06-01 00:00:00",75.90,12.90,,,,
"2016-05-31 00:00:00",76.30,13.51,,,,
"2016-05-30 00:00:00",76.60,13.56,,,,
"2016-05-29 00:00:00",77.20,13.81,,,,
"2016-05-28 00:00:00",77.20,13.81,,,,
"2016-05-27 00:00:00",76.50,13.39,,,,
"2016-05-26 00:00:00",77.00,13.31,,,,
"2016-05-25 00:00:00",77.30,13.91,,,,
"2016-05-24 00:00:00",77.30,,,,,
"2016-05-23 00:00:00",77.30,13.68,,,,
"2016-05-22 00:00:00",77.30,,,,,
"2016-05-21 00:00:00",77.30,13.68,,,,
"2016-05-20 00:00:00",77.30,,,,,
"2016-05-19 00:00:00",77.30,13.68,,,,
"2016-05-18 00:00:00",77.30,,,,,
"2016-05-17 00:00:00",77.30,13.68,,,,
"2016-05-16 00:00:00",77.30,13.68,,,,
"2016-05-15 00:00:00",77.30,,,,,
"2016-05-14 00:00:00",77.30,13.68,,,,
"2016-05-13 00:00:00",77.30,13.68,,,,
"2016-05-12 00:00:00",77.30,13.68,,,,
"2016-05-11 00:00:00",77.30,13.68,,,,
"2016-05-10 00:00:00",77.30,13.68,,,,
"2016-05-09 00:00:00",77.30,13.68,,,,
"2016-05-08 00:00:00",77.30,13.68,,,,
"2016-05-07 00:00:00",77.30,13.68,,,,
"2016-05-06 00:00:00",77.30,13.68,,,,
"2016-05-05 00:00:00",77.30,13.68,,,,
"2016-05-04 00:00:00",77.30,13.68,,,,
"2016-05-03 00:00:00",77.30,13.68,,,,
"2016-05-02 00:00:00",77.30,13.68,,,,
"2016-05-01 00:00:00",77.30,13.68,,,,
"2016-04-30 00:00:00",77.30,13.68,,,,
"2016-04-29 00:00:00",77.30,13.68,,,,
"2016-04-28 00:00:00",77.30,13.68,,,,
"2016-04-27 00:00:00",77.30,13.68,,,,
"2016-04-26 00:00:00",77.30,13.68,,,,
"2016-04-25 00:00:00",77.30,13.68,,,,
"2016-04-24 00:00:00",77.30,13.68,,,,
"2016-04-23 00:00:00",77.30,13.68,,,,
"2016-04-22 00:00:00",77.30,13.68,,,,
"2016-04-21 00:00:00",77.30,13.68,,,,
"2016-04-20 00:00:00",77.30,13.68,,,,
"2016-04-19 00:00:00",77.30,,,,,
"2016-04-18 00:00:00",77.30,13.68,,,,
"2016-04-17 00:00:00",77.30,13.68,,,,
"2016-04-16 00:00:00",77.30,,,,,
"2016-04-15 00:00:00",77.30,13.68,,,,
"2016-04-14 00:00:00",77.30,13.68,,,,
"2016-04-13 00:00:00",77.30,13.68,,,,
"2016-04-12 00:00:00",77.30,13.68,,,,
"2016-04-11 00:00:00",77.30,13.68,,,,
"2016-04-10 00:00:00",77.30,13.68,,,,
"2016-04-09 00:00:00",77.30,13.68,,,,
"2016-04-08 00:00:00",77.30,13.68,,,,
"2016-04-07 00:00:00",77.30,13.68,,,,
"2016-04-06 00:00:00",77.30,13.68,,,,
"2016-04-05 00:00:00",77.30,,,,,
"2016-04-04 00:00:00",77.30,13.68,,,,
"2016-04-03 00:00:00",77.30,13.68,,,,
"2016-04-02 00:00:00",77.30,13.68,,,,
"2016-04-01 00:00:00",77.30,13.68,,,,
"2016-03-31 00:00:00",77.30,,,,,
"2016-03-30 00:00:00",77.30,,,,,
"2016-03-29 00:00:00",77.30,13.68,,,,
"2016-03-28 00:00:00",77.30,,,,,
"2016-03-27 00:00:00",77.30,13.68,,,,
"2016-03-26 00:00:00",77.30,13.68,,,,
"2016-03-25 00:00:00",77.30,13.68,,,,
"2016-03-24 00:00:00",77.30,,,,,
"2016-03-23 00:00:00",77.30,13.68,,,,
"2016-03-22 00:00:00",77.30,13.68,,,,
"2016-03-21 00:00:00",77.30,,,,,
"2016-03-20 00:00:00",77.30,13.68,,,,
"2016-03-19 00:00:00",77.30,13.68,,,,
"2016-03-18 00:00:00",77.30,13.68,,,,
"2016-03-17 00:00:00",77.30,13.68,,,,
"2016-03-16 00:00:00",77.30,13.68,,,,
"2016-03-15 00:00:00",77.30,13.68,,,,
"2016-03-14 00:00:00",77.30,13.68,,,,
"2016-03-13 00:00:00",77.30,13.68,,,,
"2016-03-12 00:00:00",77.30,13.68,,,,
"2016-03-11 00:00:00",77.30,13.68,,,,
"2016-03-10 00:00:00",77.30,13.68,,,,
"2016-03-09 00:00:00",77.30,13.68,,,,
"2016-03-08 00:00:00",77.30,,,,,
"2016-03-07 00:00:00",77.30,,,,,
"2016-03-06 00:00:00",77.30,13.68,,,,
"2016-03-05 00:00:00",77.30,13.68,,,,
"2016-03-04 00:00:00",77.30,13.68,,,,
"2016-03-03 00:00:00",77.30,,,,,
"2016-03-02 00:00:00",77.30,13.68,,,,
"2016-03-01 00:00:00",77.30,13.68,,,,
"2016-02-29 00:00:00",77.30,13.68,,,,
"2016-02-28 00:00:00",77.30,,,,,
"2016-02-27 00:00:00",77.30,13.68,,,,
"2016-02-26 00:00:00",77.30,,,,,
"2016-02-25 00:00:00",77.30,13.68,,,,
"2016-02-24 00:00:00",77.30,13.68,,,,
"2016-02-23 00:00:00",77.30,,,,,
"2016-02-22 00:00:00",77.30,,,,,
"2016-02-21 00:00:00",77.30,13.68,,,,
"2016-02-20 00:00:00",77.30,13.68,,,,
"2016-02-19 00:00:00",77.30,,,,,
"2016-02-18 00:00:00",77.30,13.68,,,,
"2016-02-17 00:00:00",77.30,,,,,
"2016-02-16 00:00:00",77.30,13.68,,,,
"2016-02-15 00:00:00",77.30,13.68,,,,
"2016-02-14 00:00:00",77.30,13.68,,,,
"2016-02-13 00:00:00",77.30,13.68,,,,
"2016-02-12 00:00:00",77.30,13.68,,,,
"2016-02-11 00:00:00",77.30,,,,,
"2016-02-10 00:00:00",77.30,13.68,,,,
"2016-02-09 00:00:00",77.30,,,,,
"2016-02-08 00:00:00",77.30,,,,,
"2016-02-07 00:00:00",77.30,13.68,,,,
"2016-02-06 00:00:00",77.30,13.68,,,,
"2016-02-05 00:00:00",77.30,,,,,
"2016-02-04 00:00:00",77.30,13.68,,,,
"2016-02-03 00:00:00",77.30,,,,,
"2016-02-02 00:00:00",77.30,,,,,
"2016-02-01 00:00:00",77.30,,,,,
"2016-01-31 00:00:00",77.30,13.68,,,,
"2016-01-30 00:00:00",77.30,13.68,,,,
"2016-01-29 00:00:00",77.30,13.68,,,,
"2016-01-28 00:00:00",77.30,13.68,,,,
"2016-01-27 00:00:00",77.30,13.68,,,,
"2016-01-26 00:00:00",77.30,13.68,,,,
"2016-01-25 00:00:00",77.30,13.68,,,,
"2016-01-24 00:00:00",77.30,13.68,,,,
"2016-01-23 00:00:00",77.30,,,,,
"2016-01-22 00:00:00",77.30,13.68,,,,
"2016-01-21 00:00:00",77.30,13.68,,,,
"2016-01-20 00:00:00",77.30,13.68,,,,
"2016-01-19 00:00:00",77.30,13.68,,,,
"2016-01-18 00:00:00",77.30,13.68,,,,
"2016-01-17 00:00:00",77.30,13.68,,,,
"2016-01-16 00:00:00",77.30,13.68,,,,
"2016-01-15 00:00:00",77.30,13.68,,,,
"2016-01-14 00:00:00",77.30,13.68,,,,
"2016-01-13 00:00:00",77.30,13.68,,,,
"2016-01-12 00:00:00",77.30,13.68,,,,
"2016-01-11 00:00:00",77.30,13.68,,,,
"2016-01-10 00:00:00",77.30,13.68,,,,
"2016-01-09 00:00:00",77.30,13.68,,,,
"2016-01-08 00:00:00",77.30,13.68,,,,
"2016-01-07 00:00:00",77.30,13.68,,,,
"2016-01-06 00:00:00",77.30,13.68,,,,
"2016-01-05 00:00:00",77.30,13.68,,,,
"2016-01-04 00:00:00",77.30,13.68,,,,
"2016-01-03 00:00:00",77.30,13.68,,,,
"2016-01-02 00:00:00",77.30,13.68,,,,
"2016-01-01 00:00:00",77.30,13.68,,,,
"2015-12-31 00:00:00",77.30,13.68,,,,
"2015-12-30 00:00:00",77.30,13.68,,,,
"2015-12-29 00:00:00",77.30,13.68,,,,
"2015-12-28 00:00:00",77.30,13.68,,,,
"2015-12-27 00:00:00",77.30,13.68,,,,
"2015-12-26 00:00:00",77.30,13.68,,,,
"2015-12-25 00:00:00",77.30,13.68,,,,
"2015-12-24 00:00:00",77.30,13.68,,,,
"2015-12-23 00:00:00",77.30,13.68,,,,
"2015-12-22 00:00:00",77.30,13.68,,,,
"2015-12-21 00:00:00",77.30,13.68,,,,
"2015-12-20 00:00:00",77.30,13.68,,,,
"2015-12-19 00:00:00",77.30,13.68,,,,
"2015-12-18 00:00:00",77.30,13.68,,,,
"2015-12-17 00:00:00",77.30,13.68,,,,
"2015-12-16 00:00:00",77.30,13.68,,,,
"2015-12-15 00:00:00",77.30,13.68,,,,
"2015-12-14 00:00:00",77.30,13.68,,,,
"2015-12-13 00:00:00",77.30,13.68,,,,
"2015-12-12 00:00:00",77.30,13.68,,,,
